2026-09-19 15:21:13,883 | INFO | ========================================================================
2026-09-19 15:21:13,883 | INFO | RU IPTV MEGA PARSER
2026-09-19 15:21:13,883 | INFO | TARGET: >= 20000 channels / >= 10000 Russian
2026-09-19 15:21:13,884 | INFO | ALTERNATIVES TARGET: >= 12 per channel, no upper limit
2026-09-19 15:21:13,884 | INFO | ========================================================================
2026-09-19 15:21:14,050 | INFO | SOURCES: 1284
2026-09-19 15:21:14,142 | INFO | SOURCE 1/1284: https://iptv-org.github.io/iptv/categories/xxx.m3u -> records=0 epg=0
2026-09-19 15:21:14,152 | INFO | SOURCE 2/1284: https://raw.githubusercontent.com/Free-TV/IPTV/master/playlists/playlist_russia.m3u8 -> records=58 epg=101
2026-09-19 15:21:14,152 | INFO | SOURCE 3/1284: https://iptv-org.github.io/iptv/cities/arlhs.m3u -> records=1 epg=0
2026-09-19 15:21:14,152 | INFO | SOURCE 4/1284: https://iptv-org.github.io/iptv/cities/arrel.m3u -> records=2 epg=0
2026-09-19 15:21:14,152 | INFO | SOURCE 5/1284: https://iptv-org.github.io/iptv/cities/arrsa.m3u -> records=1 epg=0
2026-09-19 15:21:14,157 | INFO | SOURCE 6/1284: https://iptv-org.github.io/iptv/cities/arpss.m3u -> records=3 epg=0
2026-09-19 15:21:14,157 | INFO | SOURCE 7/1284: https://iptv-org.github.io/iptv/categories/shop.m3u -> records=80 epg=0
2026-09-19 15:21:14,163 | INFO | SOURCE 8/1284: https://iptv-org.github.io/iptv/categories/outdoor.m3u -> records=76 epg=0
2026-09-19 15:21:14,165 | INFO | SOURCE 9/1284: https://iptv-org.github.io/iptv/cities/arcnq.m3u -> records=1 epg=0
2026-09-19 15:21:14,176 | INFO | SOURCE 10/1284: https://iptv-org.github.io/iptv/cities/aroyo.m3u -> records=1 epg=0
2026-09-19 15:21:14,186 | INFO | SOURCE 11/1284: https://iptv-org.github.io/iptv/categories/auto.m3u -> records=26 epg=0
2026-09-19 15:21:14,193 | INFO | SOURCE 12/1284: https://iptv-org.github.io/iptv/cities/artdl.m3u -> records=1 epg=0
2026-09-19 15:21:14,193 | INFO | SOURCE 13/1284: https://iptv-org.github.io/iptv/categories/relax.m3u -> records=8 epg=0
2026-09-19 15:21:14,194 | INFO | SOURCE 14/1284: https://iptv-org.github.io/iptv/cities/armdq.m3u -> records=5 epg=0
2026-09-19 15:21:14,194 | INFO | SOURCE 15/1284: https://iptv-org.github.io/iptv/categories/family.m3u -> records=62 epg=0
2026-09-19 15:21:14,194 | INFO | SOURCE 16/1284: https://iptv-org.github.io/iptv/cities/arsst.m3u -> records=1 epg=0
2026-09-19 15:21:14,194 | INFO | SOURCE 17/1284: https://iptv-org.github.io/iptv/cities/alfie.m3u -> records=1 epg=0
2026-09-19 15:21:14,198 | INFO | SOURCE 18/1284: https://iptv-org.github.io/iptv/cities/areqs.m3u -> records=1 epg=0
2026-09-19 15:21:14,218 | INFO | SOURCE 19/1284: https://iptv-org.github.io/iptv/categories/kids.m3u -> records=410 epg=0
2026-09-19 15:21:14,235 | INFO | SOURCE 20/1284: https://iptv-org.github.io/iptv/cities/arsla.m3u -> records=3 epg=0
2026-09-19 15:21:14,235 | INFO | SOURCE 21/1284: https://iptv-org.github.io/iptv/cities/arsfn.m3u -> records=3 epg=0
2026-09-19 15:21:14,235 | INFO | SOURCE 22/1284: https://iptv-org.github.io/iptv/categories/cooking.m3u -> records=51 epg=0
2026-09-19 15:21:14,236 | INFO | SOURCE 23/1284: https://iptv-org.github.io/iptv/cities/arfma.m3u -> records=1 epg=0
2026-09-19 15:21:14,236 | INFO | SOURCE 24/1284: https://iptv-org.github.io/iptv/cities/arsnp.m3u -> records=1 epg=0
2026-09-19 15:21:14,236 | INFO | SOURCE 25/1284: https://iptv-org.github.io/iptv/cities/ausyd.m3u -> records=1 epg=0
2026-09-19 15:21:14,307 | INFO | SOURCE 26/1284: https://iptv-org.github.io/iptv/categories/weather.m3u -> records=16 epg=0
2026-09-19 15:21:14,402 | INFO | SOURCE 27/1284: https://iptv-org.github.io/iptv/categories/interactive.m3u -> records=2 epg=0
2026-09-19 15:21:14,422 | INFO | SOURCE 28/1284: https://iptv-org.github.io/iptv/cities/atgrz.m3u -> records=1 epg=0
2026-09-19 15:21:14,422 | INFO | SOURCE 29/1284: https://iptv-org.github.io/iptv/cities/arlpg.m3u -> records=1 epg=0
2026-09-19 15:21:14,422 | INFO | SOURCE 30/1284: https://iptv-org.github.io/iptv/cities/arvmr.m3u -> records=1 epg=0
2026-09-19 15:21:14,422 | INFO | SOURCE 31/1284: https://iptv-org.github.io/iptv/cities/atklu.m3u -> records=1 epg=0
2026-09-19 15:21:14,536 | INFO | SOURCE 32/1284: https://iptv-org.github.io/iptv/cities/arnqn.m3u -> records=2 epg=0
2026-09-19 15:21:14,536 | INFO | SOURCE 33/1284: https://iptv-org.github.io/iptv/cities/bolpb.m3u -> records=1 epg=0
2026-09-19 15:21:14,536 | INFO | SOURCE 34/1284: https://iptv-org.github.io/iptv/cities/arluq.m3u -> records=1 epg=0
2026-09-19 15:21:14,536 | INFO | SOURCE 35/1284: https://iptv-org.github.io/iptv/cities/arsmg.m3u -> records=2 epg=0
2026-09-19 15:21:14,536 | INFO | SOURCE 36/1284: https://iptv-org.github.io/iptv/cities/arros.m3u -> records=1 epg=0
2026-09-19 15:21:14,536 | INFO | SOURCE 37/1284: https://iptv-org.github.io/iptv/cities/arsfv.m3u -> records=1 epg=0
2026-09-19 15:21:14,536 | INFO | SOURCE 38/1284: https://iptv-org.github.io/iptv/categories/business.m3u -> records=74 epg=0
2026-09-19 15:21:14,536 | INFO | SOURCE 39/1284: https://raw.githubusercontent.com/substanc1/iptv-russia/main/streams/ru.m3u -> records=841 epg=0
2026-09-19 15:21:14,537 | INFO | SOURCE 40/1284: https://smolnp.github.io/IPTVru/IPTVru.m3u -> records=328 epg=1
2026-09-19 15:21:14,537 | INFO | SOURCE 41/1284: https://iptv-org.github.io/iptv/cities/arssj.m3u -> records=3 epg=0
2026-09-19 15:21:14,537 | INFO | SOURCE 42/1284: https://iptv-org.github.io/iptv/cities/bocbb.m3u -> records=1 epg=0
2026-09-19 15:21:14,537 | INFO | SOURCE 43/1284: https://iptv-org.github.io/iptv/categories/lifestyle.m3u -> records=125 epg=0
2026-09-19 15:21:14,537 | INFO | SOURCE 44/1284: https://iptv-org.github.io/iptv/cities/braru.m3u -> records=1 epg=0
2026-09-19 15:21:14,537 | INFO | SOURCE 45/1284: https://iptv-org.github.io/iptv/cities/arsde.m3u -> records=1 epg=0
2026-09-19 15:21:14,537 | INFO | SOURCE 46/1284: https://iptv-org.github.io/iptv/cities/bocpb.m3u -> records=1 epg=0
2026-09-19 15:21:14,537 | INFO | SOURCE 47/1284: https://iptv-org.github.io/iptv/cities/boscs.m3u -> records=1 epg=0
2026-09-19 15:21:14,537 | INFO | SOURCE 48/1284: https://iptv-org.github.io/iptv/cities/brbac.m3u -> records=1 epg=0
2026-09-19 15:21:14,553 | INFO | SOURCE 49/1284: https://iptv-org.github.io/iptv/cities/arsmc.m3u -> records=1 epg=0
2026-09-19 15:21:14,554 | INFO | SOURCE 50/1284: https://iptv-org.github.io/iptv/cities/arbhi.m3u -> records=1 epg=0
2026-09-19 15:21:14,575 | INFO | SOURCE 51/1284: https://iptv-org.github.io/iptv/cities/arvnt.m3u -> records=1 epg=0
2026-09-19 15:21:14,652 | INFO | SOURCE 52/1284: https://iptv-org.github.io/iptv/cities/boalt.m3u -> records=1 epg=0
2026-09-19 15:21:14,712 | INFO | SOURCE 53/1284: https://iptv-org.github.io/iptv/categories/public.m3u -> records=39 epg=0
2026-09-19 15:21:14,721 | INFO | SOURCE 54/1284: https://iptv-org.github.io/iptv/cities/brcdi.m3u -> records=1 epg=0
2026-09-19 15:21:14,721 | INFO | SOURCE 55/1284: https://iptv-org.github.io/iptv/cities/brgus.m3u -> records=1 epg=0
2026-09-19 15:21:14,721 | INFO | SOURCE 56/1284: https://iptv-org.github.io/iptv/categories/animation.m3u -> records=163 epg=0
2026-09-19 15:21:14,721 | INFO | SOURCE 57/1284: https://iptv-org.github.io/iptv/cities/arres.m3u -> records=4 epg=0
2026-09-19 15:21:14,721 | INFO | SOURCE 58/1284: https://iptv-org.github.io/iptv/categories/news.m3u -> records=1001 epg=1
2026-09-19 15:21:14,721 | INFO | SOURCE 59/1284: https://iptv-org.github.io/iptv/cities/brpfo.m3u -> records=1 epg=0
2026-09-19 15:21:14,721 | INFO | SOURCE 60/1284: https://iptv-org.github.io/iptv/cities/brbsb.m3u -> records=1 epg=0
2026-09-19 15:21:14,721 | INFO | SOURCE 61/1284: https://naggdd.github.io/iptv/ru.m3u -> records=1082 epg=0
2026-09-19 15:21:14,736 | INFO | SOURCE 62/1284: https://iptv-org.github.io/iptv/cities/booru.m3u -> records=1 epg=0
2026-09-19 15:21:14,736 | INFO | SOURCE 63/1284: https://iptv-org.github.io/iptv/categories/travel.m3u -> records=61 epg=0
2026-09-19 15:21:14,736 | INFO | SOURCE 64/1284: https://iptv-org.github.io/iptv/categories/science.m3u -> records=22 epg=0
2026-09-19 15:21:14,736 | INFO | SOURCE 65/1284: https://iptv-org.github.io/iptv/cities/brcas.m3u -> records=1 epg=0
2026-09-19 15:21:14,766 | INFO | SOURCE 66/1284: https://iptv-org.github.io/iptv/cities/brcxs.m3u -> records=1 epg=0
2026-09-19 15:21:14,776 | INFO | SOURCE 67/1284: https://iptv-org.github.io/iptv/cities/brpoa.m3u -> records=1 epg=0
2026-09-19 15:21:14,777 | INFO | SOURCE 68/1284: https://iptv-org.github.io/iptv/categories/sports.m3u -> records=429 epg=0
2026-09-19 15:21:14,777 | INFO | SOURCE 69/1284: https://iptv-org.github.io/iptv/cities/brpmi.m3u -> records=1 epg=0
2026-09-19 15:21:14,777 | INFO | SOURCE 70/1284: https://iptv-org.github.io/iptv/categories/music.m3u -> records=736 epg=0
2026-09-19 15:21:14,783 | INFO | SOURCE 71/1284: https://iptv-org.github.io/iptv/cities/brcba.m3u -> records=1 epg=0
2026-09-19 15:21:14,799 | INFO | SOURCE 72/1284: https://iptv-org.github.io/iptv/cities/brudi.m3u -> records=1 epg=0
2026-09-19 15:21:14,801 | INFO | SOURCE 73/1284: https://iptv-org.github.io/iptv/cities/brnat.m3u -> records=2 epg=0
2026-09-19 15:21:14,801 | INFO | SOURCE 74/1284: https://iptv-org.github.io/iptv/cities/brfor.m3u -> records=1 epg=0
2026-09-19 15:21:14,802 | INFO | SOURCE 75/1284: https://iptv-org.github.io/iptv/cities/brcfo.m3u -> records=1 epg=0
2026-09-19 15:21:14,802 | INFO | SOURCE 76/1284: https://iptv-org.github.io/iptv/cities/brjpa.m3u -> records=1 epg=0
2026-09-19 15:21:14,804 | INFO | SOURCE 77/1284: https://iptv-org.github.io/iptv/cities/brprx.m3u -> records=1 epg=0
2026-09-19 15:21:14,804 | INFO | SOURCE 78/1284: https://iptv-org.github.io/iptv/cities/brosa.m3u -> records=1 epg=0
2026-09-19 15:21:14,808 | INFO | SOURCE 79/1284: https://iptv-org.github.io/iptv/cities/brmuu.m3u -> records=1 epg=0
2026-09-19 15:21:14,810 | INFO | SOURCE 80/1284: https://iptv-org.github.io/iptv/cities/brsao.m3u -> records=1 epg=0
2026-09-19 15:21:14,810 | INFO | SOURCE 81/1284: https://iptv-org.github.io/iptv/cities/brarw.m3u -> records=1 epg=0
2026-09-19 15:21:14,819 | INFO | SOURCE 82/1284: https://iptv-org.github.io/iptv/cities/briig.m3u -> records=1 epg=0
2026-09-19 15:21:14,819 | INFO | SOURCE 83/1284: https://iptv-org.github.io/iptv/cities/brvis.m3u -> records=1 epg=0
2026-09-19 15:21:14,843 | INFO | SOURCE 84/1284: https://iptv-org.github.io/iptv/cities/cacha.m3u -> records=1 epg=0
2026-09-19 15:21:14,843 | INFO | SOURCE 85/1284: https://iptv-org.github.io/iptv/cities/camnt.m3u -> records=1 epg=0
2026-09-19 15:21:14,843 | INFO | SOURCE 86/1284: https://iptv-org.github.io/iptv/cities/brmrc.m3u -> records=1 epg=0
2026-09-19 15:21:14,843 | INFO | SOURCE 87/1284: https://iptv-org.github.io/iptv/cities/brnfu.m3u -> records=1 epg=0
2026-09-19 15:21:14,844 | INFO | SOURCE 88/1284: https://iptv-org.github.io/iptv/categories/education.m3u -> records=250 epg=0
2026-09-19 15:21:14,844 | INFO | SOURCE 89/1284: https://iptv-org.github.io/iptv/cities/brroo.m3u -> records=1 epg=0
2026-09-19 15:21:14,845 | INFO | SOURCE 90/1284: https://iptv-org.github.io/iptv/cities/brsms.m3u -> records=1 epg=0
2026-09-19 15:21:14,852 | INFO | SOURCE 91/1284: https://iptv-org.github.io/iptv/categories/classic.m3u -> records=107 epg=0
2026-09-19 15:21:14,852 | INFO | SOURCE 92/1284: https://iptv-org.github.io/iptv/cities/cafre.m3u -> records=1 epg=0
2026-09-19 15:21:14,852 | INFO | SOURCE 93/1284: https://iptv-org.github.io/iptv/cities/calng.m3u -> records=1 epg=0
2026-09-19 15:21:14,894 | INFO | SOURCE 94/1284: https://iptv-org.github.io/iptv/cities/brrio.m3u -> records=1 epg=0
2026-09-19 15:21:14,904 | INFO | SOURCE 95/1284: https://iptv-org.github.io/iptv/categories/legislative.m3u -> records=181 epg=0
2026-09-19 15:21:14,904 | INFO | SOURCE 96/1284: https://iptv-org.github.io/iptv/cities/brssp.m3u -> records=1 epg=0
2026-09-19 15:21:14,904 | INFO | SOURCE 97/1284: https://iptv-org.github.io/iptv/cities/clyum.m3u -> records=1 epg=0
2026-09-19 15:21:14,904 | INFO | SOURCE 98/1284: https://iptv-org.github.io/iptv/categories/movies.m3u -> records=759 epg=0
2026-09-19 15:21:14,904 | INFO | SOURCE 99/1284: https://iptv-org.github.io/iptv/cities/caott.m3u -> records=2 epg=0
2026-09-19 15:21:14,904 | INFO | SOURCE 100/1284: https://iptv-org.github.io/iptv/cities/caiql.m3u -> records=1 epg=0
2026-09-19 15:21:14,905 | INFO | SOURCE 101/1284: https://iptv-org.github.io/iptv/cities/cawnd.m3u -> records=0 epg=0
2026-09-19 15:21:14,905 | INFO | SOURCE 102/1284: https://iptv-org.github.io/iptv/cities/brsje.m3u -> records=1 epg=0
2026-09-19 15:21:14,907 | INFO | SOURCE 103/1284: https://iptv-org.github.io/iptv/countries/ru.m3u -> records=517 epg=0
2026-09-19 15:21:14,909 | INFO | SOURCE 104/1284: https://iptv-org.github.io/iptv/cities/caque.m3u -> records=1 epg=0
2026-09-19 15:21:14,909 | INFO | SOURCE 105/1284: https://iptv-org.github.io/iptv/cities/cacal.m3u -> records=1 epg=0
2026-09-19 15:21:14,909 | INFO | SOURCE 106/1284: https://iptv-org.github.io/iptv/cities/cayzf.m3u -> records=1 epg=0
2026-09-19 15:21:14,909 | INFO | SOURCE 107/1284: https://iptv-org.github.io/iptv/cities/cahal.m3u -> records=1 epg=0
2026-09-19 15:21:14,909 | INFO | SOURCE 108/1284: https://iptv-org.github.io/iptv/cities/coibe.m3u -> records=1 epg=0
2026-09-19 15:21:14,909 | INFO | SOURCE 109/1284: https://iptv-org.github.io/iptv/cities/clcld.m3u -> records=1 epg=0
2026-09-19 15:21:14,915 | INFO | SOURCE 110/1284: https://iptv-org.github.io/iptv/cities/catrr.m3u -> records=1 epg=0
2026-09-19 15:21:14,915 | INFO | SOURCE 111/1284: https://iptv-org.github.io/iptv/cities/conva.m3u -> records=1 epg=0
2026-09-19 15:21:14,915 | INFO | SOURCE 112/1284: https://iptv-org.github.io/iptv/cities/cavic.m3u -> records=2 epg=0
2026-09-19 15:21:14,915 | INFO | SOURCE 113/1284: https://iptv-org.github.io/iptv/cities/caedm.m3u -> records=3 epg=0
2026-09-19 15:21:14,915 | INFO | SOURCE 114/1284: https://iptv-org.github.io/iptv/categories/documentary.m3u -> records=252 epg=0
2026-09-19 15:21:14,916 | INFO | SOURCE 115/1284: https://iptv-org.github.io/iptv/cities/debfe.m3u -> records=1 epg=0
2026-09-19 15:21:14,916 | INFO | SOURCE 116/1284: https://iptv-org.github.io/iptv/cities/canee.m3u -> records=1 epg=0
2026-09-19 15:21:14,916 | INFO | SOURCE 117/1284: https://iptv-org.github.io/iptv/cities/dedui.m3u -> records=1 epg=0
2026-09-19 15:21:14,916 | INFO | SOURCE 118/1284: https://iptv-org.github.io/iptv/cities/careg.m3u -> records=2 epg=0
2026-09-19 15:21:14,916 | INFO | SOURCE 119/1284: https://iptv-org.github.io/iptv/cities/crtoo.m3u -> records=1 epg=0
2026-09-19 15:21:14,923 | INFO | SOURCE 120/1284: https://iptv-org.github.io/iptv/cities/cavan.m3u -> records=2 epg=0
2026-09-19 15:21:14,923 | INFO | SOURCE 121/1284: https://iptv-org.github.io/iptv/cities/cawnp.m3u -> records=2 epg=0
2026-09-19 15:21:14,936 | INFO | SOURCE 122/1284: https://iptv-org.github.io/iptv/categories/entertainment.m3u -> records=879 epg=0
2026-09-19 15:21:14,948 | INFO | SOURCE 123/1284: https://iptv-org.github.io/iptv/categories/comedy.m3u -> records=217 epg=0
2026-09-19 15:21:14,948 | INFO | SOURCE 124/1284: https://iptv-org.github.io/iptv/cities/clcur.m3u -> records=1 epg=0
2026-09-19 15:21:14,948 | INFO | SOURCE 125/1284: https://iptv-org.github.io/iptv/cities/cosac.m3u -> records=1 epg=0
2026-09-19 15:21:14,954 | INFO | SOURCE 126/1284: https://iptv-org.github.io/iptv/cities/carim.m3u -> records=1 epg=0
2026-09-19 15:21:14,954 | INFO | SOURCE 127/1284: https://iptv-org.github.io/iptv/cities/clplm.m3u -> records=1 epg=0
2026-09-19 15:21:14,954 | INFO | SOURCE 128/1284: https://iptv-org.github.io/iptv/cities/camtr.m3u -> records=6 epg=0
2026-09-19 15:21:14,954 | INFO | SOURCE 129/1284: https://iptv-org.github.io/iptv/cities/clqta.m3u -> records=1 epg=0
2026-09-19 15:21:14,954 | INFO | SOURCE 130/1284: https://iptv-org.github.io/iptv/categories/culture.m3u -> records=191 epg=0
2026-09-19 15:21:14,972 | INFO | SOURCE 131/1284: https://iptv-org.github.io/iptv/cities/comzl.m3u -> records=1 epg=0
2026-09-19 15:21:15,004 | INFO | SOURCE 132/1284: https://iptv-org.github.io/iptv/cities/debon.m3u -> records=1 epg=0
2026-09-19 15:21:15,005 | INFO | SOURCE 133/1284: https://iptv-org.github.io/iptv/cities/casbr.m3u -> records=1 epg=0
2026-09-19 15:21:15,005 | INFO | SOURCE 134/1284: https://iptv-org.github.io/iptv/cities/dedtm.m3u -> records=1 epg=0
2026-09-19 15:21:15,005 | INFO | SOURCE 135/1284: https://iptv-org.github.io/iptv/cities/deaah.m3u -> records=1 epg=0
2026-09-19 15:21:15,005 | INFO | SOURCE 136/1284: https://iptv-org.github.io/iptv/cities/brszo.m3u -> records=1 epg=0
2026-09-19 15:21:15,005 | INFO | SOURCE 137/1284: https://iptv-org.github.io/iptv/cities/escdd.m3u -> records=1 epg=0
2026-09-19 15:21:15,005 | INFO | SOURCE 138/1284: https://iptv-org.github.io/iptv/cities/crmtz.m3u -> records=1 epg=0
2026-09-19 15:21:15,005 | INFO | SOURCE 139/1284: https://iptv-org.github.io/iptv/cities/demun.m3u -> records=1 epg=0
2026-09-19 15:21:15,005 | INFO | SOURCE 140/1284: https://iptv-org.github.io/iptv/cities/coulq.m3u -> records=1 epg=0
2026-09-19 15:21:15,005 | INFO | SOURCE 141/1284: https://iptv-org.github.io/iptv/cities/desge.m3u -> records=1 epg=0
2026-09-19 15:21:15,005 | INFO | SOURCE 142/1284: https://iptv-org.github.io/iptv/cities/ecloh.m3u -> records=1 epg=0
2026-09-19 15:21:15,005 | INFO | SOURCE 143/1284: https://iptv-org.github.io/iptv/cities/cator.m3u -> records=4 epg=0
2026-09-19 15:21:15,005 | INFO | SOURCE 144/1284: https://raw.githubusercontent.com/Free-TV/IPTV/master/playlist.m3u8 -> records=2069 epg=101
2026-09-19 15:21:15,005 | INFO | SOURCE 145/1284: https://iptv-org.github.io/iptv/categories/series.m3u -> records=537 epg=0
2026-09-19 15:21:15,005 | INFO | SOURCE 146/1284: https://iptv-org.github.io/iptv/cities/esfgl.m3u -> records=1 epg=0
2026-09-19 15:21:15,005 | INFO | SOURCE 147/1284: https://iptv-org.github.io/iptv/cities/estol.m3u -> records=1 epg=0
2026-09-19 15:21:15,005 | INFO | SOURCE 148/1284: https://iptv-org.github.io/iptv/cities/dosti.m3u -> records=1 epg=0
2026-09-19 15:21:15,005 | INFO | SOURCE 149/1284: https://iptv-org.github.io/iptv/cities/esboi.m3u -> records=1 epg=0
2026-09-19 15:21:15,005 | INFO | SOURCE 150/1284: https://iptv-org.github.io/iptv/cities/dolvc.m3u -> records=1 epg=0
2026-09-19 15:21:15,005 | INFO | SOURCE 151/1284: https://iptv-org.github.io/iptv/cities/decgn.m3u -> records=1 epg=0
2026-09-19 15:21:15,019 | INFO | SOURCE 152/1284: https://iptv-org.github.io/iptv/cities/dohig.m3u -> records=1 epg=0
2026-09-19 15:21:15,021 | INFO | SOURCE 153/1284: https://iptv-org.github.io/iptv/cities/esbio.m3u -> records=4 epg=0
2026-09-19 15:21:15,021 | INFO | SOURCE 154/1284: https://iptv-org.github.io/iptv/cities/casag.m3u -> records=1 epg=0
2026-09-19 15:21:15,021 | INFO | SOURCE 155/1284: https://iptv-org.github.io/iptv/cities/esbrb.m3u -> records=1 epg=0
2026-09-19 15:21:15,026 | INFO | SOURCE 156/1284: https://iptv-org.github.io/iptv/cities/casjf.m3u -> records=2 epg=0
2026-09-19 15:21:15,029 | INFO | SOURCE 157/1284: https://iptv-org.github.io/iptv/cities/deess.m3u -> records=1 epg=0
2026-09-19 15:21:15,029 | INFO | SOURCE 158/1284: https://iptv-org.github.io/iptv/cities/dewup.m3u -> records=1 epg=0
2026-09-19 15:21:15,029 | INFO | SOURCE 159/1284: https://iptv-org.github.io/iptv/cities/esmto.m3u -> records=1 epg=0
2026-09-19 15:21:15,029 | INFO | SOURCE 160/1284: https://iptv-org.github.io/iptv/cities/esgrx.m3u -> records=2 epg=0
2026-09-19 15:21:15,029 | INFO | SOURCE 161/1284: https://iptv-org.github.io/iptv/categories/religious.m3u -> records=776 epg=0
2026-09-19 15:21:15,029 | INFO | SOURCE 162/1284: https://iptv-org.github.io/iptv/cities/eslpg.m3u -> records=1 epg=0
2026-09-19 15:21:15,029 | INFO | SOURCE 163/1284: https://iptv-org.github.io/iptv/cities/esalg.m3u -> records=1 epg=0
2026-09-19 15:21:15,029 | INFO | SOURCE 164/1284: https://iptv-org.github.io/iptv/cities/essbp.m3u -> records=2 epg=0
2026-09-19 15:21:15,029 | INFO | SOURCE 165/1284: https://iptv-org.github.io/iptv/cities/esdre.m3u -> records=1 epg=0
2026-09-19 15:21:15,029 | INFO | SOURCE 166/1284: https://iptv-org.github.io/iptv/cities/eslgr.m3u -> records=1 epg=0
2026-09-19 15:21:15,029 | INFO | SOURCE 167/1284: https://iptv-org.github.io/iptv/cities/esjae.m3u -> records=1 epg=0
2026-09-19 15:21:15,036 | INFO | SOURCE 168/1284: https://iptv-org.github.io/iptv/cities/esmqe.m3u -> records=1 epg=0
2026-09-19 15:21:15,038 | INFO | SOURCE 169/1284: https://iptv-org.github.io/iptv/cities/grioa.m3u -> records=1 epg=0
2026-09-19 15:21:15,061 | INFO | SOURCE 170/1284: https://iptv-org.github.io/iptv/cities/dedus.m3u -> records=1 epg=0
2026-09-19 15:21:15,061 | INFO | SOURCE 171/1284: https://iptv-org.github.io/iptv/cities/fikyy.m3u -> records=1 epg=0
2026-09-19 15:21:15,065 | INFO | SOURCE 172/1284: https://iptv-org.github.io/iptv/cities/esazj.m3u -> records=1 epg=0
2026-09-19 15:21:15,065 | INFO | SOURCE 173/1284: https://iptv-org.github.io/iptv/cities/gtbab.m3u -> records=1 epg=0
2026-09-19 15:21:15,065 | INFO | SOURCE 174/1284: https://iptv-org.github.io/iptv/cities/eshuv.m3u -> records=1 epg=0
2026-09-19 15:21:15,066 | INFO | SOURCE 175/1284: https://iptv-org.github.io/iptv/cities/esooe.m3u -> records=1 epg=0
2026-09-19 15:21:15,066 | INFO | SOURCE 176/1284: https://iptv-org.github.io/iptv/cities/esodb.m3u -> records=1 epg=0
2026-09-19 15:21:15,066 | INFO | SOURCE 177/1284: https://iptv-org.github.io/iptv/cities/espna.m3u -> records=1 epg=0
2026-09-19 15:21:15,066 | INFO | SOURCE 178/1284: https://iptv-org.github.io/iptv/cities/espfl.m3u -> records=1 epg=0
2026-09-19 15:21:15,066 | INFO | SOURCE 179/1284: https://iptv-org.github.io/iptv/cities/gtsol.m3u -> records=1 epg=0
2026-09-19 15:21:15,066 | INFO | SOURCE 180/1284: https://iptv-org.github.io/iptv/cities/grkzi.m3u -> records=1 epg=0
2026-09-19 15:21:15,066 | INFO | SOURCE 181/1284: https://iptv-org.github.io/iptv/cities/idbdj.m3u -> records=2 epg=0
2026-09-19 15:21:15,066 | INFO | SOURCE 182/1284: https://iptv-org.github.io/iptv/cities/grath.m3u -> records=3 epg=0
2026-09-19 15:21:15,066 | INFO | SOURCE 183/1284: https://iptv-org.github.io/iptv/cities/esvic.m3u -> records=1 epg=0
2026-09-19 15:21:15,066 | INFO | SOURCE 184/1284: https://iptv-org.github.io/iptv/cities/dobno.m3u -> records=1 epg=0
2026-09-19 15:21:15,066 | INFO | SOURCE 185/1284: https://iptv-org.github.io/iptv/cities/grart.m3u -> records=1 epg=0
2026-09-19 15:21:15,066 | INFO | SOURCE 186/1284: https://iptv-org.github.io/iptv/cities/idabu.m3u -> records=1 epg=0
2026-09-19 15:21:15,066 | INFO | SOURCE 187/1284: https://iptv-org.github.io/iptv/cities/eccue.m3u -> records=1 epg=0
2026-09-19 15:21:15,085 | INFO | SOURCE 188/1284: https://iptv-org.github.io/iptv/cities/idjkt.m3u -> records=4 epg=0
2026-09-19 15:21:15,088 | INFO | SOURCE 189/1284: https://iptv-org.github.io/iptv/cities/grlam.m3u -> records=1 epg=0
2026-09-19 15:21:15,088 | INFO | SOURCE 190/1284: https://iptv-org.github.io/iptv/cities/eslle.m3u -> records=1 epg=0
2026-09-19 15:21:15,088 | INFO | SOURCE 191/1284: https://iptv-org.github.io/iptv/cities/idbpn.m3u -> records=1 epg=0
2026-09-19 15:21:15,088 | INFO | SOURCE 192/1284: https://iptv-org.github.io/iptv/cities/id5ss.m3u -> records=1 epg=0
2026-09-19 15:21:15,093 | INFO | SOURCE 193/1284: https://iptv-org.github.io/iptv/cities/grkkz.m3u -> records=1 epg=0
2026-09-19 15:21:15,100 | INFO | SOURCE 194/1284: https://iptv-org.github.io/iptv/cities/idpwl.m3u -> records=1 epg=0
2026-09-19 15:21:15,100 | INFO | SOURCE 195/1284: https://iptv-org.github.io/iptv/cities/eslsl.m3u -> records=1 epg=0
2026-09-19 15:21:15,100 | INFO | SOURCE 196/1284: https://iptv-org.github.io/iptv/cities/id5su.m3u -> records=2 epg=0
2026-09-19 15:21:15,100 | INFO | SOURCE 197/1284: https://iptv-org.github.io/iptv/cities/idkdr.m3u -> records=2 epg=0
2026-09-19 15:21:15,101 | INFO | SOURCE 198/1284: https://iptv-org.github.io/iptv/cities/grgak.m3u -> records=1 epg=0
2026-09-19 15:21:15,106 | INFO | SOURCE 199/1284: https://iptv-org.github.io/iptv/cities/idmlg.m3u -> records=3 epg=0
2026-09-19 15:21:15,110 | INFO | SOURCE 200/1284: https://iptv-org.github.io/iptv/cities/idjog.m3u -> records=1 epg=0
2026-09-19 15:21:15,111 | INFO | SOURCE 201/1284: https://iptv-org.github.io/iptv/cities/intjv.m3u -> records=1 epg=0
2026-09-19 15:21:15,111 | INFO | SOURCE 202/1284: https://iptv-org.github.io/iptv/cities/dopop.m3u -> records=1 epg=0
2026-09-19 15:21:15,111 | INFO | SOURCE 203/1284: https://iptv-org.github.io/iptv/cities/idmdi.m3u -> records=1 epg=0
2026-09-19 15:21:15,114 | INFO | SOURCE 204/1284: https://iptv-org.github.io/iptv/cities/inkar.m3u -> records=1 epg=0
2026-09-19 15:21:15,115 | INFO | SOURCE 205/1284: https://iptv-org.github.io/iptv/cities/idsrg.m3u -> records=1 epg=0
2026-09-19 15:21:15,115 | INFO | SOURCE 206/1284: https://iptv-org.github.io/iptv/cities/krtae.m3u -> records=2 epg=0
2026-09-19 15:21:15,115 | INFO | SOURCE 207/1284: https://iptv-org.github.io/iptv/cities/idser.m3u -> records=1 epg=0
2026-09-19 15:21:15,115 | INFO | SOURCE 208/1284: https://iptv-org.github.io/iptv/cities/idmak.m3u -> records=2 epg=0
2026-09-19 15:21:15,115 | INFO | SOURCE 209/1284: https://iptv-org.github.io/iptv/cities/indpi.m3u -> records=1 epg=0
2026-09-19 15:21:15,117 | INFO | SOURCE 210/1284: https://iptv-org.github.io/iptv/cities/kradg.m3u -> records=1 epg=0
2026-09-19 15:21:15,118 | INFO | SOURCE 211/1284: https://iptv-org.github.io/iptv/cities/idskt.m3u -> records=1 epg=0
2026-09-19 15:21:15,118 | INFO | SOURCE 212/1284: https://iptv-org.github.io/iptv/cities/idmdc.m3u -> records=1 epg=0
2026-09-19 15:21:15,118 | INFO | SOURCE 213/1284: https://iptv-org.github.io/iptv/cities/indel.m3u -> records=1 epg=0
2026-09-19 15:21:15,118 | INFO | SOURCE 214/1284: https://iptv-org.github.io/iptv/cities/grskg.m3u -> records=5 epg=0
2026-09-19 15:21:15,118 | INFO | SOURCE 215/1284: https://iptv-org.github.io/iptv/cities/inngc.m3u -> records=1 epg=0
2026-09-19 15:21:15,118 | INFO | SOURCE 216/1284: https://iptv-org.github.io/iptv/cities/pebag.m3u -> records=1 epg=0
2026-09-19 15:21:15,118 | INFO | SOURCE 217/1284: https://iptv-org.github.io/iptv/cities/idpdg.m3u -> records=1 epg=0
2026-09-19 15:21:15,119 | INFO | SOURCE 218/1284: https://iptv-org.github.io/iptv/cities/intri.m3u -> records=1 epg=0
2026-09-19 15:21:15,120 | INFO | SOURCE 219/1284: https://iptv-org.github.io/iptv/cities/idtlu.m3u -> records=1 epg=0
2026-09-19 15:21:15,121 | INFO | SOURCE 220/1284: https://iptv-org.github.io/iptv/cities/idtkg.m3u -> records=3 epg=0
2026-09-19 15:21:15,121 | INFO | SOURCE 221/1284: https://iptv-org.github.io/iptv/cities/krusn.m3u -> records=1 epg=0
2026-09-19 15:21:15,121 | INFO | SOURCE 222/1284: https://iptv-org.github.io/iptv/cities/mxcjs.m3u -> records=1 epg=0
2026-09-19 15:21:15,122 | INFO | SOURCE 223/1284: https://iptv-org.github.io/iptv/cities/krbcn.m3u -> records=1 epg=0
2026-09-19 15:21:15,123 | INFO | SOURCE 224/1284: https://iptv-org.github.io/iptv/cities/meulc.m3u -> records=1 epg=0
2026-09-19 15:21:15,123 | INFO | SOURCE 225/1284: https://iptv-org.github.io/iptv/cities/mxtij.m3u -> records=1 epg=0
2026-09-19 15:21:15,124 | INFO | SOURCE 226/1284: https://iptv-org.github.io/iptv/cities/peaqp.m3u -> records=1 epg=0
2026-09-19 15:21:15,124 | INFO | SOURCE 227/1284: https://iptv-org.github.io/iptv/cities/invgh.m3u -> records=1 epg=0
2026-09-19 15:21:15,124 | INFO | SOURCE 228/1284: https://iptv-org.github.io/iptv/cities/idsub.m3u -> records=3 epg=0
2026-09-19 15:21:15,124 | INFO | SOURCE 229/1284: https://iptv-org.github.io/iptv/cities/indil.m3u -> records=1 epg=0
2026-09-19 15:21:15,124 | INFO | SOURCE 230/1284: https://iptv-org.github.io/iptv/cities/krmok.m3u -> records=1 epg=0
2026-09-19 15:21:15,125 | INFO | SOURCE 231/1284: https://iptv-org.github.io/iptv/cities/pyflm.m3u -> records=1 epg=0
2026-09-19 15:21:15,125 | INFO | SOURCE 232/1284: https://iptv-org.github.io/iptv/cities/krcha.m3u -> records=2 epg=0
2026-09-19 15:21:15,126 | INFO | SOURCE 233/1284: https://iptv-org.github.io/iptv/cities/inccj.m3u -> records=1 epg=0
2026-09-19 15:21:15,126 | INFO | SOURCE 234/1284: https://iptv-org.github.io/iptv/cities/inagu.m3u -> records=1 epg=0
2026-09-19 15:21:15,126 | INFO | SOURCE 235/1284: https://iptv-org.github.io/iptv/cities/inkcp.m3u -> records=1 epg=0
2026-09-19 15:21:15,126 | INFO | SOURCE 236/1284: https://dearbulut.github.io/iptv/playlists/country/ru.m3u -> records=462 epg=1
2026-09-19 15:21:15,126 | INFO | SOURCE 237/1284: https://iptv-org.github.io/iptv/cities/pehnt.m3u -> records=1 epg=0
2026-09-19 15:21:15,126 | INFO | SOURCE 238/1284: https://iptv-org.github.io/iptv/categories/undefined.m3u -> records=1446 epg=0
2026-09-19 15:21:15,126 | INFO | SOURCE 239/1284: https://iptv-org.github.io/iptv/cities/inpal.m3u -> records=1 epg=0
2026-09-19 15:21:15,127 | INFO | SOURCE 240/1284: https://iptv-org.github.io/iptv/cities/mxmid.m3u -> records=1 epg=0
2026-09-19 15:21:15,127 | INFO | SOURCE 241/1284: https://iptv-org.github.io/iptv/cities/mxsqe.m3u -> records=1 epg=0
2026-09-19 15:21:15,127 | INFO | SOURCE 242/1284: https://iptv-org.github.io/iptv/cities/krchc.m3u -> records=1 epg=0
2026-09-19 15:21:15,127 | INFO | SOURCE 243/1284: https://iptv-org.github.io/iptv/cities/mxsbn.m3u -> records=1 epg=0
2026-09-19 15:21:15,129 | INFO | SOURCE 244/1284: https://iptv-org.github.io/iptv/cities/usact.m3u -> records=1 epg=0
2026-09-19 15:21:15,129 | INFO | SOURCE 245/1284: https://iptv-org.github.io/iptv/cities/krjnj.m3u -> records=2 epg=0
2026-09-19 15:21:15,129 | INFO | SOURCE 246/1284: https://iptv-org.github.io/iptv/cities/krtjn.m3u -> records=1 epg=0
2026-09-19 15:21:15,129 | INFO | SOURCE 247/1284: https://iptv-org.github.io/iptv/cities/peiqt.m3u -> records=1 epg=0
2026-09-19 15:21:15,129 | INFO | SOURCE 248/1284: https://iptv-org.github.io/iptv/cities/ruvms.m3u -> records=1 epg=0
2026-09-19 15:21:15,129 | INFO | SOURCE 249/1284: https://iptv-org.github.io/iptv/cities/pyeno.m3u -> records=1 epg=0
2026-09-19 15:21:15,129 | INFO | SOURCE 250/1284: https://iptv-org.github.io/iptv/cities/krpus.m3u -> records=2 epg=0
2026-09-19 15:21:15,129 | INFO | SOURCE 251/1284: https://iptv-org.github.io/iptv/cities/idtsy.m3u -> records=1 epg=0
2026-09-19 15:21:15,129 | INFO | SOURCE 252/1284: https://iptv-org.github.io/iptv/cities/krcoj.m3u -> records=1 epg=0
2026-09-19 15:21:15,129 | INFO | SOURCE 253/1284: https://iptv-org.github.io/iptv/cities/pejhy.m3u -> records=3 epg=0
2026-09-19 15:21:15,129 | INFO | SOURCE 254/1284: https://iptv-org.github.io/iptv/cities/pelim.m3u -> records=4 epg=0
2026-09-19 15:21:15,129 | INFO | SOURCE 255/1284: https://iptv-org.github.io/iptv/cities/kryos.m3u -> records=1 epg=0
2026-09-19 15:21:15,129 | INFO | SOURCE 256/1284: https://iptv-org.github.io/iptv/cities/pepcl.m3u -> records=2 epg=0
2026-09-19 15:21:15,129 | INFO | SOURCE 257/1284: https://iptv-org.github.io/iptv/cities/pkisb.m3u -> records=1 epg=0
2026-09-19 15:21:15,129 | INFO | SOURCE 258/1284: https://iptv-org.github.io/iptv/cities/intks.m3u -> records=3 epg=0
2026-09-19 15:21:15,129 | INFO | SOURCE 259/1284: https://iptv-org.github.io/iptv/cities/rukrr.m3u -> records=1 epg=0
2026-09-19 15:21:15,129 | INFO | SOURCE 260/1284: https://iptv-org.github.io/iptv/cities/rotgu.m3u -> records=1 epg=0
2026-09-19 15:21:15,129 | INFO | SOURCE 261/1284: https://iptv-org.github.io/iptv/cities/usatl.m3u -> records=4 epg=0
2026-09-19 15:21:15,129 | INFO | SOURCE 262/1284: https://iptv-org.github.io/iptv/cities/usauc.m3u -> records=1 epg=0
2026-09-19 15:21:15,131 | INFO | SOURCE 263/1284: https://iptv-org.github.io/iptv/cities/mxcun.m3u -> records=2 epg=0
2026-09-19 15:21:15,131 | INFO | SOURCE 264/1284: https://iptv-org.github.io/iptv/cities/rugrv.m3u -> records=1 epg=0
2026-09-19 15:21:15,131 | INFO | SOURCE 265/1284: https://iptv-org.github.io/iptv/cities/usanp.m3u -> records=2 epg=0
2026-09-19 15:21:15,131 | INFO | SOURCE 266/1284: https://iptv-org.github.io/iptv/cities/pesip.m3u -> records=3 epg=0
2026-09-19 15:21:15,131 | INFO | SOURCE 267/1284: https://iptv-org.github.io/iptv/cities/usaev.m3u -> records=1 epg=0
2026-09-19 15:21:15,131 | INFO | SOURCE 268/1284: https://iptv-org.github.io/iptv/cities/usaac.m3u -> records=2 epg=0
2026-09-19 15:21:15,131 | INFO | SOURCE 269/1284: https://iptv-org.github.io/iptv/categories/general.m3u -> records=2708 epg=0
2026-09-19 15:21:15,131 | INFO | SOURCE 270/1284: https://iptv-org.github.io/iptv/cities/pycoo.m3u -> records=1 epg=0
2026-09-19 15:21:15,131 | INFO | SOURCE 271/1284: https://iptv-org.github.io/iptv/cities/peab4.m3u -> records=1 epg=0
2026-09-19 15:21:15,131 | INFO | SOURCE 272/1284: https://iptv-org.github.io/iptv/cities/usbun.m3u -> records=1 epg=0
2026-09-19 15:21:15,131 | INFO | SOURCE 273/1284: https://iptv-org.github.io/iptv/cities/usaus.m3u -> records=5 epg=0
2026-09-19 15:21:15,131 | INFO | SOURCE 274/1284: https://iptv-org.github.io/iptv/cities/usalb.m3u -> records=1 epg=0
2026-09-19 15:21:15,132 | INFO | SOURCE 275/1284: https://iptv-org.github.io/iptv/cities/usahn.m3u -> records=2 epg=0
2026-09-19 15:21:15,132 | INFO | SOURCE 276/1284: https://iptv-org.github.io/iptv/cities/usapf.m3u -> records=1 epg=0
2026-09-19 15:21:15,132 | INFO | SOURCE 277/1284: https://iptv-org.github.io/iptv/cities/usaum.m3u -> records=1 epg=0
2026-09-19 15:21:15,132 | INFO | SOURCE 278/1284: https://iptv-org.github.io/iptv/cities/usbma.m3u -> records=2 epg=0
2026-09-19 15:21:15,132 | INFO | SOURCE 279/1284: https://iptv-org.github.io/iptv/cities/usazo.m3u -> records=1 epg=0
2026-09-19 15:21:15,132 | INFO | SOURCE 280/1284: https://iptv-org.github.io/iptv/cities/usabq.m3u -> records=1 epg=0
2026-09-19 15:21:15,132 | INFO | SOURCE 281/1284: https://iptv-org.github.io/iptv/cities/usash.m3u -> records=4 epg=0
2026-09-19 15:21:15,132 | INFO | SOURCE 282/1284: https://iptv-org.github.io/iptv/cities/peyms.m3u -> records=1 epg=0
2026-09-19 15:21:15,133 | INFO | SOURCE 283/1284: https://iptv-org.github.io/iptv/cities/usch3.m3u -> records=1 epg=0
2026-09-19 15:21:15,133 | INFO | SOURCE 284/1284: https://iptv-org.github.io/iptv/cities/usbdr.m3u -> records=1 epg=0
2026-09-19 15:21:15,133 | INFO | SOURCE 285/1284: https://iptv-org.github.io/iptv/cities/uschs.m3u -> records=1 epg=0
2026-09-19 15:21:15,133 | INFO | SOURCE 286/1284: https://iptv-org.github.io/iptv/cities/usbtr.m3u -> records=1 epg=0
2026-09-19 15:21:15,133 | INFO | SOURCE 287/1284: https://iptv-org.github.io/iptv/cities/usccr.m3u -> records=1 epg=0
2026-09-19 15:21:15,134 | INFO | SOURCE 288/1284: https://iptv-org.github.io/iptv/cities/uschi.m3u -> records=7 epg=0
2026-09-19 15:21:15,135 | INFO | SOURCE 289/1284: https://iptv-org.github.io/iptv/cities/uscsl.m3u -> records=1 epg=0
2026-09-19 15:21:15,135 | INFO | SOURCE 290/1284: https://iptv-org.github.io/iptv/cities/usbal.m3u -> records=3 epg=0
2026-09-19 15:21:15,135 | INFO | SOURCE 291/1284: https://iptv-org.github.io/iptv/cities/usbms.m3u -> records=4 epg=0
2026-09-19 15:21:15,136 | INFO | SOURCE 292/1284: https://iptv-org.github.io/iptv/cities/uscyi.m3u -> records=1 epg=0
2026-09-19 15:21:15,136 | INFO | SOURCE 293/1284: https://iptv-org.github.io/iptv/cities/usd5w.m3u -> records=2 epg=0
2026-09-19 15:21:15,138 | INFO | SOURCE 294/1284: https://iptv-org.github.io/iptv/cities/usasi.m3u -> records=3 epg=0
2026-09-19 15:21:15,138 | INFO | SOURCE 295/1284: https://iptv-org.github.io/iptv/cities/usbfl.m3u -> records=2 epg=0
2026-09-19 15:21:15,140 | INFO | SOURCE 296/1284: https://iptv-org.github.io/iptv/cities/usclb.m3u -> records=1 epg=0
2026-09-19 15:21:15,140 | INFO | SOURCE 297/1284: https://iptv-org.github.io/iptv/cities/uscld.m3u -> records=1 epg=0
2026-09-19 15:21:15,140 | INFO | SOURCE 298/1284: https://iptv-org.github.io/iptv/cities/usclt.m3u -> records=2 epg=0
2026-09-19 15:21:15,141 | INFO | SOURCE 299/1284: https://iptv-org.github.io/iptv/cities/usbbi.m3u -> records=1 epg=0
2026-09-19 15:21:15,141 | INFO | SOURCE 300/1284: https://iptv-org.github.io/iptv/cities/usbur.m3u -> records=1 epg=0
2026-09-19 15:21:15,141 | INFO | SOURCE 301/1284: https://iptv-org.github.io/iptv/cities/uscyq.m3u -> records=1 epg=0
2026-09-19 15:21:15,141 | INFO | SOURCE 302/1284: https://iptv-org.github.io/iptv/cities/usbl8.m3u -> records=3 epg=0
2026-09-19 15:21:15,142 | INFO | SOURCE 303/1284: https://iptv-org.github.io/iptv/cities/usbtl.m3u -> records=2 epg=0
2026-09-19 15:21:15,142 | INFO | SOURCE 304/1284: https://iptv-org.github.io/iptv/cities/uscc2.m3u -> records=1 epg=0
2026-09-19 15:21:15,142 | INFO | SOURCE 305/1284: https://iptv-org.github.io/iptv/cities/usdlh.m3u -> records=1 epg=0
2026-09-19 15:21:15,143 | INFO | SOURCE 306/1284: https://iptv-org.github.io/iptv/cities/uscmi.m3u -> records=1 epg=0
2026-09-19 15:21:15,144 | INFO | SOURCE 307/1284: https://iptv-org.github.io/iptv/cities/usdal.m3u -> records=1 epg=0
2026-09-19 15:21:15,144 | INFO | SOURCE 308/1284: https://iptv-org.github.io/iptv/cities/usbvh.m3u -> records=3 epg=0
2026-09-19 15:21:15,144 | INFO | SOURCE 309/1284: https://iptv-org.github.io/iptv/cities/usewr.m3u -> records=2 epg=0
2026-09-19 15:21:15,144 | INFO | SOURCE 310/1284: https://iptv-org.github.io/iptv/cities/usdab.m3u -> records=1 epg=0
2026-09-19 15:21:15,144 | INFO | SOURCE 311/1284: https://iptv-org.github.io/iptv/cities/uscmh.m3u -> records=1 epg=0
2026-09-19 15:21:15,144 | INFO | SOURCE 312/1284: https://iptv-org.github.io/iptv/cities/usden.m3u -> records=2 epg=0
2026-09-19 15:21:15,144 | INFO | SOURCE 313/1284: https://iptv-org.github.io/iptv/cities/usdsm.m3u -> records=1 epg=0
2026-09-19 15:21:15,144 | INFO | SOURCE 314/1284: https://iptv-org.github.io/iptv/cities/usdmo.m3u -> records=1 epg=0
2026-09-19 15:21:15,144 | INFO | SOURCE 315/1284: https://iptv-org.github.io/iptv/cities/usczm.m3u -> records=1 epg=0
2026-09-19 15:21:15,144 | INFO | SOURCE 316/1284: https://iptv-org.github.io/iptv/cities/uscgi.m3u -> records=1 epg=0
2026-09-19 15:21:15,145 | INFO | SOURCE 317/1284: https://iptv-org.github.io/iptv/cities/usbos.m3u -> records=5 epg=0
2026-09-19 15:21:15,149 | INFO | SOURCE 318/1284: https://iptv-org.github.io/iptv/cities/uscha.m3u -> records=1 epg=0
2026-09-19 15:21:15,150 | INFO | SOURCE 319/1284: https://iptv-org.github.io/iptv/cities/ushdu.m3u -> records=3 epg=0
2026-09-19 15:21:15,150 | INFO | SOURCE 320/1284: https://iptv-org.github.io/iptv/cities/usfhm.m3u -> records=1 epg=0
2026-09-19 15:21:15,151 | INFO | SOURCE 321/1284: https://iptv-org.github.io/iptv/cities/usday.m3u -> records=2 epg=0
2026-09-19 15:21:15,151 | INFO | SOURCE 322/1284: https://iptv-org.github.io/iptv/cities/usgcc.m3u -> records=3 epg=0
2026-09-19 15:21:15,152 | INFO | SOURCE 323/1284: https://iptv-org.github.io/iptv/cities/usfwt.m3u -> records=1 epg=0
2026-09-19 15:21:15,153 | INFO | SOURCE 324/1284: https://iptv-org.github.io/iptv/cities/uscrz.m3u -> records=1 epg=0
2026-09-19 15:21:15,155 | INFO | SOURCE 325/1284: https://iptv-org.github.io/iptv/cities/usgda.m3u -> records=1 epg=0
2026-09-19 15:21:15,155 | INFO | SOURCE 326/1284: https://iptv-org.github.io/iptv/cities/uscrp.m3u -> records=3 epg=0
2026-09-19 15:21:15,159 | INFO | SOURCE 327/1284: https://iptv-org.github.io/iptv/cities/usfmy.m3u -> records=1 epg=0
2026-09-19 15:21:15,162 | INFO | SOURCE 328/1284: https://iptv-org.github.io/iptv/cities/usgrx.m3u -> records=1 epg=0
2026-09-19 15:21:15,162 | INFO | SOURCE 329/1284: https://iptv-org.github.io/iptv/cities/uscek.m3u -> records=1 epg=0
2026-09-19 15:21:15,163 | INFO | SOURCE 330/1284: https://iptv-org.github.io/iptv/cities/uscvg.m3u -> records=1 epg=0
2026-09-19 15:21:15,165 | INFO | SOURCE 331/1284: https://iptv-org.github.io/iptv/cities/usbgk.m3u -> records=1 epg=0
2026-09-19 15:21:15,167 | INFO | SOURCE 332/1284: https://iptv-org.github.io/iptv/cities/usilg.m3u -> records=1 epg=0
2026-09-19 15:21:15,169 | INFO | SOURCE 333/1284: https://iptv-org.github.io/iptv/cities/usfeb.m3u -> records=1 epg=0
2026-09-19 15:21:15,169 | INFO | SOURCE 334/1284: https://iptv-org.github.io/iptv/cities/usgv9.m3u -> records=2 epg=0
2026-09-19 15:21:15,171 | INFO | SOURCE 335/1284: https://iptv-org.github.io/iptv/cities/usflo.m3u -> records=1 epg=0
2026-09-19 15:21:15,174 | INFO | SOURCE 336/1284: https://iptv-org.github.io/iptv/cities/useka.m3u -> records=1 epg=0
2026-09-19 15:21:15,176 | INFO | SOURCE 337/1284: https://iptv-org.github.io/iptv/cities/uscqv.m3u -> records=1 epg=0
2026-09-19 15:21:15,180 | INFO | SOURCE 338/1284: https://iptv-org.github.io/iptv/cities/usdnp.m3u -> records=2 epg=0
2026-09-19 15:21:15,183 | INFO | SOURCE 339/1284: https://iptv-org.github.io/iptv/cities/usfat.m3u -> records=3 epg=0
2026-09-19 15:21:15,186 | INFO | SOURCE 340/1284: https://iptv-org.github.io/iptv/cities/ushou.m3u -> records=3 epg=0
2026-09-19 15:21:15,188 | INFO | SOURCE 341/1284: https://iptv-org.github.io/iptv/cities/usfxg.m3u -> records=1 epg=0
2026-09-19 15:21:15,190 | INFO | SOURCE 342/1284: https://iptv-org.github.io/iptv/cities/usfnl.m3u -> records=3 epg=0
2026-09-19 15:21:15,192 | INFO | SOURCE 343/1284: https://iptv-org.github.io/iptv/cities/usfpr.m3u -> records=1 epg=0
2026-09-19 15:21:15,192 | INFO | SOURCE 344/1284: https://iptv-org.github.io/iptv/cities/usjgx.m3u -> records=1 epg=0
2026-09-19 15:21:15,194 | INFO | SOURCE 345/1284: https://iptv-org.github.io/iptv/cities/usict.m3u -> records=1 epg=0
2026-09-19 15:21:15,199 | INFO | SOURCE 346/1284: https://iptv-org.github.io/iptv/cities/useyw.m3u -> records=2 epg=0
2026-09-19 15:21:15,200 | INFO | SOURCE 347/1284: https://iptv-org.github.io/iptv/cities/usgoe.m3u -> records=1 epg=0
2026-09-19 15:21:15,201 | INFO | SOURCE 348/1284: https://iptv-org.github.io/iptv/cities/usiyh.m3u -> records=1 epg=0
2026-09-19 15:21:15,202 | INFO | SOURCE 349/1284: https://iptv-org.github.io/iptv/cities/usgls.m3u -> records=1 epg=0
2026-09-19 15:21:15,204 | INFO | SOURCE 350/1284: https://iptv-org.github.io/iptv/cities/ushig.m3u -> records=1 epg=0
2026-09-19 15:21:15,208 | INFO | SOURCE 351/1284: https://iptv-org.github.io/iptv/cities/usdet.m3u -> records=6 epg=0
2026-09-19 15:21:15,209 | INFO | SOURCE 352/1284: https://iptv-org.github.io/iptv/cities/ushnl.m3u -> records=2 epg=0
2026-09-19 15:21:15,210 | INFO | SOURCE 353/1284: https://iptv-org.github.io/iptv/cities/uslas.m3u -> records=10 epg=0
2026-09-19 15:21:15,212 | INFO | SOURCE 354/1284: https://iptv-org.github.io/iptv/cities/usgnv.m3u -> records=1 epg=0
2026-09-19 15:21:15,216 | INFO | SOURCE 355/1284: https://iptv-org.github.io/iptv/cities/uslee.m3u -> records=1 epg=0
2026-09-19 15:21:15,217 | INFO | SOURCE 356/1284: https://iptv-org.github.io/iptv/cities/usljk.m3u -> records=1 epg=0
2026-09-19 15:21:15,218 | INFO | SOURCE 357/1284: https://iptv-org.github.io/iptv/cities/usgrb.m3u -> records=2 epg=0
2026-09-19 15:21:15,219 | INFO | SOURCE 358/1284: https://iptv-org.github.io/iptv/cities/ushtd.m3u -> records=1 epg=0
2026-09-19 15:21:15,224 | INFO | SOURCE 359/1284: https://iptv-org.github.io/iptv/cities/uselp.m3u -> records=4 epg=0
2026-09-19 15:21:15,226 | INFO | SOURCE 360/1284: https://iptv-org.github.io/iptv/cities/uslov.m3u -> records=1 epg=0
2026-09-19 15:21:15,229 | INFO | SOURCE 361/1284: https://iptv-org.github.io/iptv/cities/usifp.m3u -> records=1 epg=0
2026-09-19 15:21:15,233 | INFO | SOURCE 362/1284: https://iptv-org.github.io/iptv/cities/usgpt.m3u -> records=1 epg=0
2026-09-19 15:21:15,235 | INFO | SOURCE 363/1284: https://iptv-org.github.io/iptv/cities/uslmr.m3u -> records=3 epg=0
2026-09-19 15:21:15,236 | INFO | SOURCE 364/1284: https://iptv-org.github.io/iptv/cities/usint.m3u -> records=1 epg=0
2026-09-19 15:21:15,239 | INFO | SOURCE 365/1284: https://iptv-org.github.io/iptv/cities/ushvn.m3u -> records=1 epg=0
2026-09-19 15:21:15,240 | INFO | SOURCE 366/1284: https://iptv-org.github.io/iptv/cities/usmcn.m3u -> records=1 epg=0
2026-09-19 15:21:15,242 | INFO | SOURCE 367/1284: https://iptv-org.github.io/iptv/cities/usilm.m3u -> records=1 epg=0
2026-09-19 15:21:15,243 | INFO | SOURCE 368/1284: https://iptv-org.github.io/iptv/cities/usmem.m3u -> records=1 epg=0
2026-09-19 15:21:15,247 | INFO | SOURCE 369/1284: https://iptv-org.github.io/iptv/cities/usjot.m3u -> records=1 epg=0
2026-09-19 15:21:15,248 | INFO | SOURCE 370/1284: https://iptv-org.github.io/iptv/cities/usjgt.m3u -> records=1 epg=0
2026-09-19 15:21:15,252 | INFO | SOURCE 371/1284: https://iptv-org.github.io/iptv/cities/usjnu.m3u -> records=1 epg=0
2026-09-19 15:21:15,252 | INFO | SOURCE 372/1284: https://iptv-org.github.io/iptv/cities/usmia.m3u -> records=3 epg=0
2026-09-19 15:21:15,254 | INFO | SOURCE 373/1284: https://iptv-org.github.io/iptv/cities/usjst.m3u -> records=1 epg=0
2026-09-19 15:21:15,259 | INFO | SOURCE 374/1284: https://iptv-org.github.io/iptv/cities/usmoi.m3u -> records=3 epg=0
2026-09-19 15:21:15,259 | INFO | SOURCE 375/1284: https://iptv-org.github.io/iptv/cities/usknl.m3u -> records=1 epg=0
2026-09-19 15:21:15,261 | INFO | SOURCE 376/1284: https://iptv-org.github.io/iptv/cities/uskck.m3u -> records=1 epg=0
2026-09-19 15:21:15,265 | INFO | SOURCE 377/1284: https://iptv-org.github.io/iptv/cities/usmy3.m3u -> records=5 epg=0
2026-09-19 15:21:15,266 | INFO | SOURCE 378/1284: https://iptv-org.github.io/iptv/cities/uslcb.m3u -> records=1 epg=0
2026-09-19 15:21:15,267 | INFO | SOURCE 379/1284: https://iptv-org.github.io/iptv/cities/usjax.m3u -> records=2 epg=0
2026-09-19 15:21:15,270 | INFO | SOURCE 380/1284: https://iptv-org.github.io/iptv/cities/uspbi.m3u -> records=3 epg=0
2026-09-19 15:21:15,271 | INFO | SOURCE 381/1284: https://iptv-org.github.io/iptv/cities/uslft.m3u -> records=1 epg=0
2026-09-19 15:21:15,272 | INFO | SOURCE 382/1284: https://iptv-org.github.io/iptv/cities/uslex.m3u -> records=2 epg=0
2026-09-19 15:21:15,276 | INFO | SOURCE 383/1284: https://iptv-org.github.io/iptv/cities/uslbj.m3u -> records=1 epg=0
2026-09-19 15:21:15,281 | INFO | SOURCE 384/1284: https://iptv-org.github.io/iptv/cities/uskft.m3u -> records=1 epg=0
2026-09-19 15:21:15,282 | INFO | SOURCE 385/1284: https://iptv-org.github.io/iptv/cities/uspdx.m3u -> records=1 epg=0
2026-09-19 15:21:15,283 | INFO | SOURCE 386/1284: https://iptv-org.github.io/iptv/cities/usnak.m3u -> records=3 epg=0
2026-09-19 15:21:15,286 | INFO | SOURCE 387/1284: https://iptv-org.github.io/iptv/cities/uslia.m3u -> records=1 epg=0
2026-09-19 15:21:15,290 | INFO | SOURCE 388/1284: https://iptv-org.github.io/iptv/cities/uspvd.m3u -> records=1 epg=0
2026-09-19 15:21:15,290 | INFO | SOURCE 389/1284: https://iptv-org.github.io/iptv/cities/uslns.m3u -> records=1 epg=0
2026-09-19 15:21:15,291 | INFO | SOURCE 390/1284: https://iptv-org.github.io/iptv/cities/usoaj.m3u -> records=1 epg=0
2026-09-19 15:21:15,293 | INFO | SOURCE 391/1284: https://iptv-org.github.io/iptv/cities/uslax.m3u -> records=7 epg=0
2026-09-19 15:21:15,294 | INFO | SOURCE 392/1284: https://iptv-org.github.io/iptv/cities/uslit.m3u -> records=1 epg=0
2026-09-19 15:21:15,295 | INFO | SOURCE 393/1284: https://iptv-org.github.io/iptv/cities/uslnk.m3u -> records=1 epg=0
2026-09-19 15:21:15,301 | INFO | SOURCE 394/1284: https://iptv-org.github.io/iptv/cities/usokc.m3u -> records=2 epg=0
2026-09-19 15:21:15,301 | INFO | SOURCE 395/1284: https://iptv-org.github.io/iptv/cities/usorb.m3u -> records=1 epg=0
2026-09-19 15:21:15,302 | INFO | SOURCE 396/1284: https://iptv-org.github.io/iptv/cities/uspat.m3u -> records=1 epg=0
2026-09-19 15:21:15,304 | INFO | SOURCE 397/1284: https://iptv-org.github.io/iptv/cities/uslpc.m3u -> records=3 epg=0
2026-09-19 15:21:15,308 | INFO | SOURCE 398/1284: https://iptv-org.github.io/iptv/cities/uspfq.m3u -> records=1 epg=0
2026-09-19 15:21:15,311 | INFO | SOURCE 399/1284: https://iptv-org.github.io/iptv/cities/uslxi.m3u -> records=1 epg=0
2026-09-19 15:21:15,311 | INFO | SOURCE 400/1284: https://iptv-org.github.io/iptv/cities/uslui.m3u -> records=2 epg=0
2026-09-19 15:21:15,312 | INFO | SOURCE 401/1284: https://iptv-org.github.io/iptv/cities/usphx.m3u -> records=3 epg=0
2026-09-19 15:21:15,312 | INFO | SOURCE 402/1284: https://iptv-org.github.io/iptv/cities/uslto.m3u -> records=1 epg=0
2026-09-19 15:21:15,314 | INFO | SOURCE 403/1284: https://iptv-org.github.io/iptv/cities/uslqq.m3u -> records=1 epg=0
2026-09-19 15:21:15,315 | INFO | SOURCE 404/1284: https://iptv-org.github.io/iptv/cities/usrcu.m3u -> records=1 epg=0
2026-09-19 15:21:15,319 | INFO | SOURCE 405/1284: https://iptv-org.github.io/iptv/cities/usmke.m3u -> records=3 epg=0
2026-09-19 15:21:15,323 | INFO | SOURCE 406/1284: https://iptv-org.github.io/iptv/cities/uslxx.m3u -> records=1 epg=0
2026-09-19 15:21:15,325 | INFO | SOURCE 407/1284: https://iptv-org.github.io/iptv/cities/usmob.m3u -> records=1 epg=0
2026-09-19 15:21:15,325 | INFO | SOURCE 408/1284: https://iptv-org.github.io/iptv/cities/usrok.m3u -> records=1 epg=0
2026-09-19 15:21:15,329 | INFO | SOURCE 409/1284: https://iptv-org.github.io/iptv/cities/usmes.m3u -> records=3 epg=0
2026-09-19 15:21:15,330 | INFO | SOURCE 410/1284: https://iptv-org.github.io/iptv/cities/ussmo.m3u -> records=1 epg=0
2026-09-19 15:21:15,331 | INFO | SOURCE 411/1284: https://iptv-org.github.io/iptv/cities/usndz.m3u -> records=2 epg=0
2026-09-19 15:21:15,338 | INFO | SOURCE 412/1284: https://iptv-org.github.io/iptv/cities/usnfc.m3u -> records=3 epg=0
2026-09-19 15:21:15,343 | INFO | SOURCE 413/1284: https://iptv-org.github.io/iptv/cities/ussby.m3u -> records=1 epg=0
2026-09-19 15:21:15,344 | INFO | SOURCE 414/1284: https://iptv-org.github.io/iptv/cities/usroc.m3u -> records=1 epg=0
2026-09-19 15:21:15,345 | INFO | SOURCE 415/1284: https://iptv-org.github.io/iptv/cities/usnwn.m3u -> records=1 epg=0
2026-09-19 15:21:15,346 | INFO | SOURCE 416/1284: https://iptv-org.github.io/iptv/cities/ussbn.m3u -> records=1 epg=0
2026-09-19 15:21:15,351 | INFO | SOURCE 417/1284: https://iptv-org.github.io/iptv/cities/usnwc.m3u -> records=1 epg=0
2026-09-19 15:21:15,352 | INFO | SOURCE 418/1284: https://iptv-org.github.io/iptv/cities/usmht.m3u -> records=1 epg=0
2026-09-19 15:21:15,357 | INFO | SOURCE 419/1284: https://iptv-org.github.io/iptv/cities/usmjk.m3u -> records=1 epg=0
2026-09-19 15:21:15,359 | INFO | SOURCE 420/1284: https://iptv-org.github.io/iptv/cities/usnyc.m3u -> records=7 epg=0
2026-09-19 15:21:15,361 | INFO | SOURCE 421/1284: https://iptv-org.github.io/iptv/cities/usmkc.m3u -> records=1 epg=0
2026-09-19 15:21:15,361 | INFO | SOURCE 422/1284: https://iptv-org.github.io/iptv/cities/ussns.m3u -> records=1 epg=0
2026-09-19 15:21:15,361 | INFO | SOURCE 423/1284: https://iptv-org.github.io/iptv/cities/usmkl.m3u -> records=1 epg=0
2026-09-19 15:21:15,362 | INFO | SOURCE 424/1284: https://iptv-org.github.io/iptv/cities/usgir.m3u -> records=4 epg=0
2026-09-19 15:21:15,363 | INFO | SOURCE 425/1284: https://iptv-org.github.io/iptv/cities/ussru.m3u -> records=3 epg=0
2026-09-19 15:21:15,365 | INFO | SOURCE 426/1284: https://iptv-org.github.io/iptv/cities/usnwt.m3u -> records=1 epg=0
2026-09-19 15:21:15,368 | INFO | SOURCE 427/1284: https://iptv-org.github.io/iptv/cities/usmsy.m3u -> records=1 epg=0
2026-09-19 15:21:15,372 | INFO | SOURCE 428/1284: https://iptv-org.github.io/iptv/cities/usscz.m3u -> records=1 epg=0
2026-09-19 15:21:15,373 | INFO | SOURCE 429/1284: https://iptv-org.github.io/iptv/cities/usoak.m3u -> records=1 epg=0
2026-09-19 15:21:15,374 | INFO | SOURCE 430/1284: https://iptv-org.github.io/iptv/cities/usnrh.m3u -> records=1 epg=0
2026-09-19 15:21:15,375 | INFO | SOURCE 431/1284: https://iptv-org.github.io/iptv/cities/ussuu.m3u -> records=1 epg=0
2026-09-19 15:21:15,379 | INFO | SOURCE 432/1284: https://iptv-org.github.io/iptv/cities/usocn.m3u -> records=2 epg=0
2026-09-19 15:21:15,379 | INFO | SOURCE 433/1284: https://iptv-org.github.io/iptv/cities/ustlh.m3u -> records=2 epg=0
2026-09-19 15:21:15,380 | INFO | SOURCE 434/1284: https://iptv-org.github.io/iptv/cities/usoma.m3u -> records=1 epg=0
2026-09-19 15:21:15,384 | INFO | SOURCE 435/1284: https://iptv-org.github.io/iptv/cities/usont.m3u -> records=2 epg=0
2026-09-19 15:21:15,386 | INFO | SOURCE 436/1284: https://iptv-org.github.io/iptv/cities/ustpa.m3u -> records=3 epg=0
2026-09-19 15:21:15,391 | INFO | SOURCE 437/1284: https://iptv-org.github.io/iptv/cities/usttn.m3u -> records=1 epg=0
2026-09-19 15:21:15,393 | INFO | SOURCE 438/1284: https://iptv-org.github.io/iptv/cities/usogg.m3u -> records=3 epg=0
2026-09-19 15:21:15,394 | INFO | SOURCE 439/1284: https://iptv-org.github.io/iptv/cities/uspao.m3u -> records=5 epg=0
2026-09-19 15:21:15,394 | INFO | SOURCE 440/1284: https://iptv-org.github.io/iptv/cities/usp2c.m3u -> records=2 epg=0
2026-09-19 15:21:15,398 | INFO | SOURCE 441/1284: https://iptv-org.github.io/iptv/cities/ustul.m3u -> records=1 epg=0
2026-09-19 15:21:15,402 | INFO | SOURCE 442/1284: https://iptv-org.github.io/iptv/cities/uspbf.m3u -> records=1 epg=0
2026-09-19 15:21:15,403 | INFO | SOURCE 443/1284: https://iptv-org.github.io/iptv/cities/usuyj.m3u -> records=1 epg=0
2026-09-19 15:21:15,407 | INFO | SOURCE 444/1284: https://iptv-org.github.io/iptv/cities/usphl.m3u -> records=5 epg=0
2026-09-19 15:21:15,408 | INFO | SOURCE 445/1284: https://iptv-org.github.io/iptv/cities/uspit.m3u -> records=1 epg=0
2026-09-19 15:21:15,411 | INFO | SOURCE 446/1284: https://iptv-org.github.io/iptv/cities/usral.m3u -> records=1 epg=0
2026-09-19 15:21:15,411 | INFO | SOURCE 447/1284: https://iptv-org.github.io/iptv/cities/usric.m3u -> records=1 epg=0
2026-09-19 15:21:15,414 | INFO | SOURCE 448/1284: https://iptv-org.github.io/iptv/cities/uspzl.m3u -> records=1 epg=0
2026-09-19 15:21:15,419 | INFO | SOURCE 449/1284: https://iptv-org.github.io/iptv/countries/au.m3u -> records=74 epg=0
2026-09-19 15:21:15,420 | INFO | SOURCE 450/1284: https://iptv-org.github.io/iptv/cities/usvbr.m3u -> records=2 epg=0
2026-09-19 15:21:15,421 | INFO | SOURCE 451/1284: https://iptv-org.github.io/iptv/cities/uswct.m3u -> records=2 epg=0
2026-09-19 15:21:15,422 | INFO | SOURCE 452/1284: https://iptv-org.github.io/iptv/cities/uspqc.m3u -> records=2 epg=0
2026-09-19 15:21:15,427 | INFO | SOURCE 453/1284: https://iptv-org.github.io/iptv/cities/uswmx.m3u -> records=1 epg=0
2026-09-19 15:21:15,428 | INFO | SOURCE 454/1284: https://iptv-org.github.io/iptv/cities/usril.m3u -> records=1 epg=0
2026-09-19 15:21:15,429 | INFO | SOURCE 455/1284: https://iptv-org.github.io/iptv/cities/usrdg.m3u -> records=1 epg=0
2026-09-19 15:21:15,431 | INFO | SOURCE 456/1284: https://iptv-org.github.io/iptv/cities/uswwu.m3u -> records=1 epg=0
2026-09-19 15:21:15,432 | INFO | SOURCE 457/1284: https://iptv-org.github.io/iptv/cities/usrkv.m3u -> records=2 epg=0
2026-09-19 15:21:15,433 | INFO | SOURCE 458/1284: https://iptv-org.github.io/iptv/countries/ao.m3u -> records=3 epg=0
2026-09-19 15:21:15,440 | INFO | SOURCE 459/1284: https://iptv-org.github.io/iptv/cities/ussan.m3u -> records=3 epg=0
2026-09-19 15:21:15,442 | INFO | SOURCE 460/1284: https://iptv-org.github.io/iptv/cities/ussat.m3u -> records=3 epg=0
2026-09-19 15:21:15,442 | INFO | SOURCE 461/1284: https://iptv-org.github.io/iptv/cities/ussac.m3u -> records=3 epg=0
2026-09-19 15:21:15,447 | INFO | SOURCE 462/1284: https://iptv-org.github.io/iptv/countries/aw.m3u -> records=12 epg=0
2026-09-19 15:21:15,451 | INFO | SOURCE 463/1284: https://iptv-org.github.io/iptv/cities/ussbt.m3u -> records=1 epg=0
2026-09-19 15:21:15,453 | INFO | SOURCE 464/1284: https://iptv-org.github.io/iptv/countries/ba.m3u -> records=20 epg=0
2026-09-19 15:21:15,454 | INFO | SOURCE 465/1284: https://iptv-org.github.io/iptv/countries/am.m3u -> records=8 epg=0
2026-09-19 15:21:15,455 | INFO | SOURCE 466/1284: https://iptv-org.github.io/iptv/countries/bf.m3u -> records=6 epg=0
2026-09-19 15:21:15,462 | INFO | SOURCE 467/1284: https://iptv-org.github.io/iptv/countries/at.m3u -> records=134 epg=0
2026-09-19 15:21:15,464 | INFO | SOURCE 468/1284: https://iptv-org.github.io/iptv/cities/vemyc.m3u -> records=1 epg=0
2026-09-19 15:21:15,464 | INFO | SOURCE 469/1284: https://iptv-org.github.io/iptv/cities/usppm.m3u -> records=1 epg=0
2026-09-19 15:21:15,467 | INFO | SOURCE 470/1284: https://iptv-org.github.io/iptv/countries/af.m3u -> records=24 epg=0
2026-09-19 15:21:15,467 | INFO | SOURCE 471/1284: https://iptv-org.github.io/iptv/cities/usxmg.m3u -> records=1 epg=0
2026-09-19 15:21:15,468 | INFO | SOURCE 472/1284: https://iptv-org.github.io/iptv/cities/usxfx.m3u -> records=1 epg=0
2026-09-19 15:21:15,469 | INFO | SOURCE 473/1284: https://iptv-org.github.io/iptv/cities/ussjc.m3u -> records=5 epg=0
2026-09-19 15:21:15,469 | INFO | SOURCE 474/1284: https://iptv-org.github.io/iptv/cities/ussfb.m3u -> records=1 epg=0
2026-09-19 15:21:15,469 | INFO | SOURCE 475/1284: https://iptv-org.github.io/iptv/cities/ussea.m3u -> records=2 epg=0
2026-09-19 15:21:15,473 | INFO | SOURCE 476/1284: https://iptv-org.github.io/iptv/cities/ussck.m3u -> records=1 epg=0
2026-09-19 15:21:15,480 | INFO | SOURCE 477/1284: https://iptv-org.github.io/iptv/countries/bj.m3u -> records=9 epg=0
2026-09-19 15:21:15,481 | INFO | SOURCE 478/1284: https://iptv-org.github.io/iptv/cities/ussjj.m3u -> records=1 epg=0
2026-09-19 15:21:15,483 | INFO | SOURCE 479/1284: https://iptv-org.github.io/iptv/cities/usssk.m3u -> records=1 epg=0
2026-09-19 15:21:15,483 | INFO | SOURCE 480/1284: https://iptv-org.github.io/iptv/cities/ussmx.m3u -> records=3 epg=0
2026-09-19 15:21:15,483 | INFO | SOURCE 481/1284: https://iptv-org.github.io/iptv/countries/ae.m3u -> records=19 epg=0
2026-09-19 15:21:15,483 | INFO | SOURCE 482/1284: https://iptv-org.github.io/iptv/cities/usszg.m3u -> records=1 epg=0
2026-09-19 15:21:15,485 | INFO | SOURCE 483/1284: https://iptv-org.github.io/iptv/cities/ustht.m3u -> records=1 epg=0
2026-09-19 15:21:15,486 | INFO | SOURCE 484/1284: https://iptv-org.github.io/iptv/cities/usorl.m3u -> records=2 epg=0
2026-09-19 15:21:15,487 | INFO | SOURCE 485/1284: https://iptv-org.github.io/iptv/cities/usslc.m3u -> records=1 epg=0
2026-09-19 15:21:15,488 | INFO | SOURCE 486/1284: https://iptv-org.github.io/iptv/cities/ussfo.m3u -> records=5 epg=0
2026-09-19 15:21:15,495 | INFO | SOURCE 487/1284: https://iptv-org.github.io/iptv/cities/ustiw.m3u -> records=1 epg=0
2026-09-19 15:21:15,495 | INFO | SOURCE 488/1284: https://iptv-org.github.io/iptv/countries/bz.m3u -> records=2 epg=0
2026-09-19 15:21:15,511 | INFO | SOURCE 489/1284: https://iptv-org.github.io/iptv/cities/ussnk.m3u -> records=1 epg=0
2026-09-19 15:21:15,512 | INFO | SOURCE 490/1284: https://iptv-org.github.io/iptv/cities/ustvc.m3u -> records=1 epg=0
2026-09-19 15:21:15,513 | INFO | SOURCE 491/1284: https://iptv-org.github.io/iptv/cities/ustuz.m3u -> records=1 epg=0
2026-09-19 15:21:15,514 | INFO | SOURCE 492/1284: https://iptv-org.github.io/iptv/cities/ustol.m3u -> records=1 epg=0
2026-09-19 15:21:15,516 | INFO | SOURCE 493/1284: https://iptv-org.github.io/iptv/countries/bb.m3u -> records=1 epg=0
2026-09-19 15:21:15,516 | INFO | SOURCE 494/1284: https://iptv-org.github.io/iptv/countries/br.m3u -> records=386 epg=0
2026-09-19 15:21:15,523 | INFO | SOURCE 495/1284: https://iptv-org.github.io/iptv/countries/be.m3u -> records=48 epg=0
2026-09-19 15:21:15,523 | INFO | SOURCE 496/1284: https://iptv-org.github.io/iptv/cities/usstz.m3u -> records=1 epg=0
2026-09-19 15:21:15,523 | INFO | SOURCE 497/1284: https://iptv-org.github.io/iptv/cities/ussor.m3u -> records=1 epg=0
2026-09-19 15:21:15,523 | INFO | SOURCE 498/1284: https://iptv-org.github.io/iptv/cities/usstp.m3u -> records=1 epg=0
2026-09-19 15:21:15,523 | INFO | SOURCE 499/1284: https://iptv-org.github.io/iptv/cities/usubs.m3u -> records=1 epg=0
2026-09-19 15:21:15,523 | INFO | SOURCE 500/1284: https://iptv-org.github.io/iptv/countries/bg.m3u -> records=74 epg=0
2026-09-19 15:21:15,524 | INFO | SOURCE 501/1284: https://iptv-org.github.io/iptv/cities/usxfr.m3u -> records=1 epg=0
2026-09-19 15:21:15,526 | INFO | SOURCE 502/1284: https://iptv-org.github.io/iptv/countries/cm.m3u -> records=15 epg=0
2026-09-19 15:21:15,528 | INFO | SOURCE 503/1284: https://iptv-org.github.io/iptv/cities/usvis.m3u -> records=1 epg=0
2026-09-19 15:21:15,528 | INFO | SOURCE 504/1284: https://iptv-org.github.io/iptv/cities/ustmc.m3u -> records=1 epg=0
2026-09-19 15:21:15,529 | INFO | SOURCE 505/1284: https://iptv-org.github.io/iptv/cities/usvlo.m3u -> records=1 epg=0
2026-09-19 15:21:15,530 | INFO | SOURCE 506/1284: https://iptv-org.github.io/iptv/countries/cv.m3u -> records=1 epg=0
2026-09-19 15:21:15,533 | INFO | SOURCE 507/1284: https://iptv-org.github.io/iptv/countries/al.m3u -> records=28 epg=0
2026-09-19 15:21:15,540 | INFO | SOURCE 508/1284: https://iptv-org.github.io/iptv/cities/usuyk.m3u -> records=1 epg=0
2026-09-19 15:21:15,540 | INFO | SOURCE 509/1284: https://iptv-org.github.io/iptv/countries/cr.m3u -> records=65 epg=0
2026-09-19 15:21:15,543 | INFO | SOURCE 510/1284: https://iptv-org.github.io/iptv/countries/az.m3u -> records=18 epg=0
2026-09-19 15:21:15,545 | INFO | SOURCE 511/1284: https://iptv-org.github.io/iptv/cities/uswas.m3u -> records=5 epg=0
2026-09-19 15:21:15,545 | INFO | SOURCE 512/1284: https://iptv-org.github.io/iptv/countries/cw.m3u -> records=5 epg=0
2026-09-19 15:21:15,547 | INFO | SOURCE 513/1284: https://iptv-org.github.io/iptv/countries/cy.m3u -> records=15 epg=0
2026-09-19 15:21:15,555 | INFO | SOURCE 514/1284: https://iptv-org.github.io/iptv/countries/dz.m3u -> records=8 epg=0
2026-09-19 15:21:15,555 | INFO | SOURCE 515/1284: https://iptv-org.github.io/iptv/countries/cn.m3u -> records=143 epg=0
2026-09-19 15:21:15,555 | INFO | SOURCE 516/1284: https://iptv-org.github.io/iptv/cities/usspi.m3u -> records=2 epg=0
2026-09-19 15:21:15,565 | INFO | SOURCE 517/1284: https://iptv-org.github.io/iptv/countries/ee.m3u -> records=25 epg=0
2026-09-19 15:21:15,565 | INFO | SOURCE 518/1284: https://iptv-org.github.io/iptv/cities/uswhr.m3u -> records=1 epg=0
2026-09-19 15:21:15,566 | INFO | SOURCE 519/1284: https://iptv-org.github.io/iptv/cities/uswko.m3u -> records=2 epg=0
2026-09-19 15:21:15,569 | INFO | SOURCE 520/1284: https://iptv-org.github.io/iptv/countries/eg.m3u -> records=22 epg=0
2026-09-19 15:21:15,569 | INFO | SOURCE 521/1284: https://iptv-org.github.io/iptv/countries/dk.m3u -> records=154 epg=0
2026-09-19 15:21:15,570 | INFO | SOURCE 522/1284: https://iptv-org.github.io/iptv/countries/gm.m3u -> records=1 epg=0
2026-09-19 15:21:15,581 | INFO | SOURCE 523/1284: https://iptv-org.github.io/iptv/cities/uswai.m3u -> records=2 epg=0
2026-09-19 15:21:15,586 | INFO | SOURCE 524/1284: https://iptv-org.github.io/iptv/cities/usxlu.m3u -> records=1 epg=0
2026-09-19 15:21:15,587 | INFO | SOURCE 525/1284: https://iptv-org.github.io/iptv/countries/gy.m3u -> records=8 epg=0
2026-09-19 15:21:15,587 | INFO | SOURCE 526/1284: https://iptv-org.github.io/iptv/countries/ad.m3u -> records=8 epg=0
2026-09-19 15:21:15,587 | INFO | SOURCE 527/1284: https://iptv-org.github.io/iptv/countries/de.m3u -> records=301 epg=0
2026-09-19 15:21:15,588 | INFO | SOURCE 528/1284: https://iptv-org.github.io/iptv/countries/gp.m3u -> records=5 epg=0
2026-09-19 15:21:15,596 | INFO | SOURCE 529/1284: https://iptv-org.github.io/iptv/countries/cg.m3u -> records=5 epg=0
2026-09-19 15:21:15,597 | INFO | SOURCE 530/1284: https://iptv-org.github.io/iptv/countries/hk.m3u -> records=18 epg=0
2026-09-19 15:21:15,604 | INFO | SOURCE 531/1284: https://iptv-org.github.io/iptv/cities/usyum.m3u -> records=3 epg=0
2026-09-19 15:21:15,604 | INFO | SOURCE 532/1284: https://iptv-org.github.io/iptv/countries/ge.m3u -> records=22 epg=0
2026-09-19 15:21:15,604 | INFO | SOURCE 533/1284: https://iptv-org.github.io/iptv/countries/cu.m3u -> records=2 epg=0
2026-09-19 15:21:15,613 | INFO | SOURCE 534/1284: https://iptv-org.github.io/iptv/countries/ag.m3u -> records=1 epg=0
2026-09-19 15:21:15,613 | INFO | SOURCE 535/1284: https://iptv-org.github.io/iptv/countries/bt.m3u -> records=1 epg=0
2026-09-19 15:21:15,613 | INFO | SOURCE 536/1284: https://iptv-org.github.io/iptv/cities/uszgv.m3u -> records=1 epg=0
2026-09-19 15:21:15,613 | INFO | SOURCE 537/1284: https://iptv-org.github.io/iptv/countries/gq.m3u -> records=2 epg=0
2026-09-19 15:21:15,613 | INFO | SOURCE 538/1284: https://iptv-org.github.io/iptv/countries/gh.m3u -> records=11 epg=0
2026-09-19 15:21:15,614 | INFO | SOURCE 539/1284: https://iptv-org.github.io/iptv/countries/by.m3u -> records=24 epg=0
2026-09-19 15:21:15,614 | INFO | SOURCE 540/1284: https://iptv-org.github.io/iptv/countries/ca.m3u -> records=259 epg=0
2026-09-19 15:21:15,627 | INFO | SOURCE 541/1284: https://iptv-org.github.io/iptv/countries/bn.m3u -> records=5 epg=0
2026-09-19 15:21:15,629 | INFO | SOURCE 542/1284: https://iptv-org.github.io/iptv/countries/gr.m3u -> records=71 epg=0
2026-09-19 15:21:15,631 | INFO | SOURCE 543/1284: https://iptv-org.github.io/iptv/countries/bh.m3u -> records=4 epg=0
2026-09-19 15:21:15,631 | INFO | SOURCE 544/1284: https://iptv-org.github.io/iptv/countries/bq.m3u -> records=6 epg=0
2026-09-19 15:21:15,631 | INFO | SOURCE 545/1284: https://iptv-org.github.io/iptv/countries/er.m3u -> records=1 epg=0
2026-09-19 15:21:15,631 | INFO | SOURCE 546/1284: https://iptv-org.github.io/iptv/countries/ht.m3u -> records=27 epg=0
2026-09-19 15:21:15,631 | INFO | SOURCE 547/1284: https://iptv-org.github.io/iptv/countries/fi.m3u -> records=26 epg=0
2026-09-19 15:21:15,631 | INFO | SOURCE 548/1284: https://iptv-org.github.io/iptv/countries/et.m3u -> records=4 epg=0
2026-09-19 15:21:15,642 | INFO | SOURCE 549/1284: https://iptv-org.github.io/iptv/countries/hn.m3u -> records=76 epg=0
2026-09-19 15:21:15,642 | INFO | SOURCE 550/1284: https://iptv-org.github.io/iptv/countries/bd.m3u -> records=40 epg=0
2026-09-19 15:21:15,642 | INFO | SOURCE 551/1284: https://iptv-org.github.io/iptv/countries/ie.m3u -> records=87 epg=0
2026-09-19 15:21:15,664 | INFO | SOURCE 552/1284: https://iptv-org.github.io/iptv/countries/bo.m3u -> records=85 epg=0
2026-09-19 15:21:15,679 | INFO | SOURCE 553/1284: https://iptv-org.github.io/iptv/countries/jo.m3u -> records=19 epg=0
2026-09-19 15:21:15,679 | INFO | SOURCE 554/1284: https://iptv-org.github.io/iptv/countries/jm.m3u -> records=7 epg=0
2026-09-19 15:21:15,679 | INFO | SOURCE 555/1284: https://iptv-org.github.io/iptv/countries/il.m3u -> records=37 epg=0
2026-09-19 15:21:15,679 | INFO | SOURCE 556/1284: https://iptv-org.github.io/iptv/countries/bs.m3u -> records=4 epg=0
2026-09-19 15:21:15,679 | INFO | SOURCE 557/1284: https://iptv-org.github.io/iptv/countries/gt.m3u -> records=64 epg=0
2026-09-19 15:21:15,679 | INFO | SOURCE 558/1284: https://iptv-org.github.io/iptv/countries/kg.m3u -> records=8 epg=0
2026-09-19 15:21:15,679 | INFO | SOURCE 559/1284: https://iptv-org.github.io/iptv/countries/ch.m3u -> records=150 epg=0
2026-09-19 15:21:15,679 | INFO | SOURCE 560/1284: https://iptv-org.github.io/iptv/countries/jp.m3u -> records=7 epg=0
2026-09-19 15:21:15,680 | INFO | SOURCE 561/1284: https://iptv-org.github.io/iptv/countries/eh.m3u -> records=1 epg=0
2026-09-19 15:21:15,681 | INFO | SOURCE 562/1284: https://iptv-org.github.io/iptv/countries/cd.m3u -> records=16 epg=0
2026-09-19 15:21:15,682 | INFO | SOURCE 563/1284: https://iptv-org.github.io/iptv/countries/gf.m3u -> records=1 epg=0
2026-09-19 15:21:15,713 | INFO | SOURCE 564/1284: https://iptv-org.github.io/iptv/countries/kz.m3u -> records=49 epg=0
2026-09-19 15:21:15,825 | INFO | SOURCE 565/1284: https://iptv-org.github.io/iptv/countries/lb.m3u -> records=31 epg=0
2026-09-19 15:21:15,825 | INFO | SOURCE 566/1284: https://iptv-org.github.io/iptv/countries/cz.m3u -> records=85 epg=0
2026-09-19 15:21:15,825 | INFO | SOURCE 567/1284: https://iptv-org.github.io/iptv/countries/ke.m3u -> records=38 epg=0
2026-09-19 15:21:15,825 | INFO | SOURCE 568/1284: https://iptv-org.github.io/iptv/countries/kp.m3u -> records=4 epg=0
2026-09-19 15:21:15,825 | INFO | SOURCE 569/1284: https://iptv-org.github.io/iptv/countries/km.m3u -> records=1 epg=0
2026-09-19 15:21:15,825 | INFO | SOURCE 570/1284: https://iptv-org.github.io/iptv/countries/lk.m3u -> records=17 epg=0
2026-09-19 15:21:15,825 | INFO | SOURCE 571/1284: https://iptv-org.github.io/iptv/countries/ec.m3u -> records=96 epg=0
2026-09-19 15:21:15,825 | INFO | SOURCE 572/1284: https://iptv-org.github.io/iptv/countries/gn.m3u -> records=5 epg=0
2026-09-19 15:21:15,825 | INFO | SOURCE 573/1284: https://iptv-org.github.io/iptv/countries/fr.m3u -> records=215 epg=0
2026-09-19 15:21:15,825 | INFO | SOURCE 574/1284: https://iptv-org.github.io/iptv/countries/kn.m3u -> records=3 epg=0
2026-09-19 15:21:15,825 | INFO | SOURCE 575/1284: https://iptv-org.github.io/iptv/countries/kw.m3u -> records=11 epg=0
2026-09-19 15:21:15,825 | INFO | SOURCE 576/1284: https://iptv-org.github.io/iptv/countries/kh.m3u -> records=27 epg=0
2026-09-19 15:21:15,825 | INFO | SOURCE 577/1284: https://iptv-org.github.io/iptv/countries/gg.m3u -> records=1 epg=0
2026-09-19 15:21:15,825 | INFO | SOURCE 578/1284: https://iptv-org.github.io/iptv/countries/ly.m3u -> records=6 epg=0
2026-09-19 15:21:15,825 | INFO | SOURCE 579/1284: https://iptv-org.github.io/iptv/countries/is.m3u -> records=6 epg=0
2026-09-19 15:21:15,826 | INFO | SOURCE 580/1284: https://iptv-org.github.io/iptv/countries/lc.m3u -> records=2 epg=0
2026-09-19 15:21:15,826 | INFO | SOURCE 581/1284: https://iptv-org.github.io/iptv/countries/gu.m3u -> records=2 epg=0
2026-09-19 15:21:15,826 | INFO | SOURCE 582/1284: https://iptv-org.github.io/iptv/countries/ar.m3u -> records=175 epg=0
2026-09-19 15:21:15,826 | INFO | SOURCE 583/1284: https://iptv-org.github.io/iptv/countries/mo.m3u -> records=7 epg=0
2026-09-19 15:21:15,826 | INFO | SOURCE 584/1284: https://iptv-org.github.io/iptv/countries/iq.m3u -> records=59 epg=0
2026-09-19 15:21:15,908 | INFO | SOURCE 585/1284: https://iptv-org.github.io/iptv/countries/li.m3u -> records=2 epg=0
2026-09-19 15:21:15,919 | INFO | SOURCE 586/1284: https://iptv-org.github.io/iptv/countries/ma.m3u -> records=12 epg=0
2026-09-19 15:21:15,919 | INFO | SOURCE 587/1284: https://iptv-org.github.io/iptv/countries/mz.m3u -> records=5 epg=0
2026-09-19 15:21:15,919 | INFO | SOURCE 588/1284: https://iptv-org.github.io/iptv/countries/mg.m3u -> records=1 epg=0
2026-09-19 15:21:15,919 | INFO | SOURCE 589/1284: https://iptv-org.github.io/iptv/countries/cl.m3u -> records=242 epg=0
2026-09-19 15:21:15,919 | INFO | SOURCE 590/1284: https://iptv-org.github.io/iptv/countries/mc.m3u -> records=5 epg=0
2026-09-19 15:21:15,919 | INFO | SOURCE 591/1284: https://iptv-org.github.io/iptv/countries/ml.m3u -> records=4 epg=0
2026-09-19 15:21:15,919 | INFO | SOURCE 592/1284: https://iptv-org.github.io/iptv/countries/kr.m3u -> records=73 epg=0
2026-09-19 15:21:15,919 | INFO | SOURCE 593/1284: https://iptv-org.github.io/iptv/countries/ci.m3u -> records=19 epg=0
2026-09-19 15:21:15,919 | INFO | SOURCE 594/1284: https://iptv-org.github.io/iptv/countries/om.m3u -> records=5 epg=0
2026-09-19 15:21:15,919 | INFO | SOURCE 595/1284: https://iptv-org.github.io/iptv/countries/mt.m3u -> records=7 epg=0
2026-09-19 15:21:15,919 | INFO | SOURCE 596/1284: https://iptv-org.github.io/iptv/countries/md.m3u -> records=31 epg=0
2026-09-19 15:21:15,919 | INFO | SOURCE 597/1284: https://iptv-org.github.io/iptv/countries/co.m3u -> records=117 epg=0
2026-09-19 15:21:15,929 | INFO | SOURCE 598/1284: https://iptv-org.github.io/iptv/countries/es.m3u -> records=336 epg=0
2026-09-19 15:21:15,937 | INFO | SOURCE 599/1284: https://iptv-org.github.io/iptv/countries/mv.m3u -> records=11 epg=0
2026-09-19 15:21:15,940 | INFO | SOURCE 600/1284: https://iptv-org.github.io/iptv/countries/hu.m3u -> records=143 epg=0
2026-09-19 15:21:15,941 | INFO | SOURCE 601/1284: https://iptv-org.github.io/iptv/countries/lu.m3u -> records=14 epg=0
2026-09-19 15:21:15,952 | INFO | SOURCE 602/1284: https://iptv-org.github.io/iptv/countries/ni.m3u -> records=19 epg=0
2026-09-19 15:21:15,952 | INFO | SOURCE 603/1284: https://iptv-org.github.io/iptv/countries/mr.m3u -> records=1 epg=0
2026-09-19 15:21:15,952 | INFO | SOURCE 604/1284: https://iptv-org.github.io/iptv/countries/int.m3u -> records=988 epg=1
2026-09-19 15:21:15,968 | INFO | SOURCE 605/1284: https://iptv-org.github.io/iptv/countries/mm.m3u -> records=18 epg=0
2026-09-19 15:21:15,976 | INFO | SOURCE 606/1284: https://iptv-org.github.io/iptv/countries/me.m3u -> records=8 epg=0
2026-09-19 15:21:15,976 | INFO | SOURCE 607/1284: https://iptv-org.github.io/iptv/countries/ne.m3u -> records=6 epg=0
2026-09-19 15:21:15,976 | INFO | SOURCE 608/1284: https://iptv-org.github.io/iptv/countries/hr.m3u -> records=29 epg=0
2026-09-19 15:21:15,976 | INFO | SOURCE 609/1284: https://iptv-org.github.io/iptv/countries/lt.m3u -> records=24 epg=0
2026-09-19 15:21:15,976 | INFO | SOURCE 610/1284: https://iptv-org.github.io/iptv/countries/lv.m3u -> records=24 epg=0
2026-09-19 15:21:15,976 | INFO | SOURCE 611/1284: https://iptv-org.github.io/iptv/countries/la.m3u -> records=12 epg=0
2026-09-19 15:21:15,986 | INFO | SOURCE 612/1284: https://iptv-org.github.io/iptv/countries/pa.m3u -> records=25 epg=0
2026-09-19 15:21:15,987 | INFO | SOURCE 613/1284: https://iptv-org.github.io/iptv/countries/mq.m3u -> records=6 epg=0
2026-09-19 15:21:15,987 | INFO | SOURCE 614/1284: https://iptv-org.github.io/iptv/countries/mu.m3u -> records=2 epg=0
2026-09-19 15:21:15,997 | INFO | SOURCE 615/1284: https://iptv-org.github.io/iptv/countries/pg.m3u -> records=1 epg=0
2026-09-19 15:21:15,998 | INFO | SOURCE 616/1284: https://iptv-org.github.io/iptv/countries/my.m3u -> records=22 epg=0
2026-09-19 15:21:16,004 | INFO | SOURCE 617/1284: https://iptv-org.github.io/iptv/countries/qa.m3u -> records=16 epg=0
2026-09-19 15:21:16,004 | INFO | SOURCE 618/1284: https://iptv-org.github.io/iptv/countries/sl.m3u -> records=1 epg=0
2026-09-19 15:21:16,004 | INFO | SOURCE 619/1284: https://iptv-org.github.io/iptv/countries/np.m3u -> records=20 epg=0
2026-09-19 15:21:16,004 | INFO | SOURCE 620/1284: https://iptv-org.github.io/iptv/countries/na.m3u -> records=2 epg=0
2026-09-19 15:21:16,004 | INFO | SOURCE 621/1284: https://iptv-org.github.io/iptv/countries/ps.m3u -> records=19 epg=0
2026-09-19 15:21:16,004 | INFO | SOURCE 622/1284: https://iptv-org.github.io/iptv/countries/nz.m3u -> records=27 epg=0
2026-09-19 15:21:16,004 | INFO | SOURCE 623/1284: https://iptv-org.github.io/iptv/countries/it.m3u -> records=320 epg=0
2026-09-19 15:21:16,004 | INFO | SOURCE 624/1284: https://iptv-org.github.io/iptv/countries/sd.m3u -> records=3 epg=0
2026-09-19 15:21:16,004 | INFO | SOURCE 625/1284: https://iptv-org.github.io/iptv/countries/pk.m3u -> records=103 epg=0
2026-09-19 15:21:16,004 | INFO | SOURCE 626/1284: https://iptv-org.github.io/iptv/countries/in.m3u -> records=810 epg=0
2026-09-19 15:21:16,004 | INFO | SOURCE 627/1284: https://iptv-org.github.io/iptv/countries/do.m3u -> records=255 epg=0
2026-09-19 15:21:16,022 | INFO | SOURCE 628/1284: https://iptv-org.github.io/iptv/countries/sm.m3u -> records=3 epg=0
2026-09-19 15:21:16,029 | INFO | SOURCE 629/1284: https://iptv-org.github.io/iptv/countries/mk.m3u -> records=28 epg=0
2026-09-19 15:21:16,034 | INFO | SOURCE 630/1284: https://iptv-org.github.io/iptv/countries/tj.m3u -> records=14 epg=0
2026-09-19 15:21:16,035 | INFO | SOURCE 631/1284: https://iptv-org.github.io/iptv/countries/td.m3u -> records=1 epg=0
2026-09-19 15:21:16,035 | INFO | SOURCE 632/1284: https://iptv-org.github.io/iptv/countries/re.m3u -> records=1 epg=0
2026-09-19 15:21:16,035 | INFO | SOURCE 633/1284: https://iptv-org.github.io/iptv/countries/ir.m3u -> records=184 epg=0
2026-09-19 15:21:16,035 | INFO | SOURCE 634/1284: https://iptv-org.github.io/iptv/countries/si.m3u -> records=24 epg=0
2026-09-19 15:21:16,035 | INFO | SOURCE 635/1284: https://iptv-org.github.io/iptv/countries/pf.m3u -> records=2 epg=0
2026-09-19 15:21:16,035 | INFO | SOURCE 636/1284: https://iptv-org.github.io/iptv/countries/sg.m3u -> records=12 epg=0
2026-09-19 15:21:16,038 | INFO | SOURCE 637/1284: https://iptv-org.github.io/iptv/countries/ug.m3u -> records=21 epg=0
2026-09-19 15:21:16,039 | INFO | SOURCE 638/1284: https://iptv-org.github.io/iptv/countries/mn.m3u -> records=38 epg=0
2026-09-19 15:21:16,039 | INFO | SOURCE 639/1284: https://iptv-org.github.io/iptv/countries/th.m3u -> records=78 epg=0
2026-09-19 15:21:16,039 | INFO | SOURCE 640/1284: https://iptv-org.github.io/iptv/countries/ph.m3u -> records=19 epg=0
2026-09-19 15:21:16,039 | INFO | SOURCE 641/1284: https://iptv-org.github.io/iptv/countries/tn.m3u -> records=5 epg=0
2026-09-19 15:21:16,044 | INFO | SOURCE 642/1284: https://iptv-org.github.io/iptv/countries/sx.m3u -> records=6 epg=0
2026-09-19 15:21:16,044 | INFO | SOURCE 643/1284: https://iptv-org.github.io/iptv/countries/sn.m3u -> records=16 epg=0
2026-09-19 15:21:16,044 | INFO | SOURCE 644/1284: https://iptv-org.github.io/iptv/countries/rs.m3u -> records=49 epg=0
2026-09-19 15:21:16,047 | INFO | SOURCE 645/1284: https://iptv-org.github.io/iptv/countries/ng.m3u -> records=53 epg=0
2026-09-19 15:21:16,047 | INFO | SOURCE 646/1284: https://iptv-org.github.io/iptv/countries/sy.m3u -> records=11 epg=0
2026-09-19 15:21:16,047 | INFO | SOURCE 647/1284: https://iptv-org.github.io/iptv/countries/pl.m3u -> records=81 epg=0
2026-09-19 15:21:16,049 | INFO | SOURCE 648/1284: https://iptv-org.github.io/iptv/countries/id.m3u -> records=175 epg=0
2026-09-19 15:21:16,052 | INFO | SOURCE 649/1284: https://iptv-org.github.io/iptv/countries/vg.m3u -> records=2 epg=0
2026-09-19 15:21:16,052 | INFO | SOURCE 650/1284: https://iptv-org.github.io/iptv/countries/pr.m3u -> records=28 epg=0
2026-09-19 15:21:16,052 | INFO | SOURCE 651/1284: https://iptv-org.github.io/iptv/countries/rw.m3u -> records=8 epg=0
2026-09-19 15:21:16,079 | INFO | SOURCE 652/1284: https://iptv-org.github.io/iptv/countries/undefined.m3u -> records=0 epg=0
2026-09-19 15:21:16,080 | INFO | SOURCE 653/1284: https://iptv-org.github.io/iptv/countries/sr.m3u -> records=2 epg=0
2026-09-19 15:21:16,093 | INFO | SOURCE 654/1284: https://iptv-org.github.io/iptv/countries/tw.m3u -> records=25 epg=0
2026-09-19 15:21:16,094 | INFO | SOURCE 655/1284: https://iptv-org.github.io/iptv/countries/mx.m3u -> records=158 epg=0
2026-09-19 15:21:16,133 | INFO | SOURCE 656/1284: https://iptv-org.github.io/iptv/countries/sa.m3u -> records=53 epg=0
2026-09-19 15:21:16,133 | INFO | SOURCE 657/1284: https://iptv-org.github.io/iptv/countries/tt.m3u -> records=6 epg=0
2026-09-19 15:21:16,135 | INFO | SOURCE 658/1284: https://iptv-org.github.io/iptv/countries/tg.m3u -> records=11 epg=0
2026-09-19 15:21:16,167 | INFO | SOURCE 659/1284: https://iptv-org.github.io/iptv/countries/ws.m3u -> records=1 epg=0
2026-09-19 15:21:16,167 | INFO | SOURCE 660/1284: https://iptv-org.github.io/iptv/countries/sk.m3u -> records=76 epg=0
2026-09-19 15:21:16,167 | INFO | SOURCE 661/1284: https://iptv-org.github.io/iptv/countries/zw.m3u -> records=1 epg=0
2026-09-19 15:21:16,167 | INFO | SOURCE 662/1284: https://iptv-org.github.io/iptv/countries/tz.m3u -> records=8 epg=0
2026-09-19 15:21:16,167 | INFO | SOURCE 663/1284: https://iptv-org.github.io/iptv/countries/vc.m3u -> records=1 epg=0
2026-09-19 15:21:16,167 | INFO | SOURCE 664/1284: https://iptv-org.github.io/iptv/countries/nl.m3u -> records=162 epg=0
2026-09-19 15:21:16,167 | INFO | SOURCE 665/1284: https://iptv-org.github.io/iptv/languages/aii.m3u -> records=1 epg=0
2026-09-19 15:21:16,167 | INFO | SOURCE 666/1284: https://iptv-org.github.io/iptv/countries/py.m3u -> records=75 epg=0
2026-09-19 15:21:16,167 | INFO | SOURCE 667/1284: https://iptv-org.github.io/iptv/countries/uy.m3u -> records=16 epg=0
2026-09-19 15:21:16,167 | INFO | SOURCE 668/1284: https://iptv-org.github.io/iptv/countries/so.m3u -> records=7 epg=0
2026-09-19 15:21:16,167 | INFO | SOURCE 669/1284: https://iptv-org.github.io/iptv/countries/pe.m3u -> records=189 epg=0
2026-09-19 15:21:16,168 | INFO | SOURCE 670/1284: https://iptv-org.github.io/iptv/countries/uz.m3u -> records=33 epg=0
2026-09-19 15:21:16,168 | INFO | SOURCE 671/1284: https://iptv-org.github.io/iptv/countries/pt.m3u -> records=63 epg=0
2026-09-19 15:21:16,168 | INFO | SOURCE 672/1284: https://iptv-org.github.io/iptv/countries/za.m3u -> records=21 epg=0
2026-09-19 15:21:16,168 | INFO | SOURCE 673/1284: https://iptv-org.github.io/iptv/countries/no.m3u -> records=116 epg=0
2026-09-19 15:21:16,168 | INFO | SOURCE 674/1284: https://iptv-org.github.io/iptv/languages/afr.m3u -> records=5 epg=0
2026-09-19 15:21:16,168 | INFO | SOURCE 675/1284: https://iptv-org.github.io/iptv/countries/xk.m3u -> records=15 epg=0
2026-09-19 15:21:16,168 | INFO | SOURCE 676/1284: https://iptv-org.github.io/iptv/countries/tm.m3u -> records=8 epg=0
2026-09-19 15:21:16,168 | INFO | SOURCE 677/1284: https://iptv-org.github.io/iptv/countries/sv.m3u -> records=36 epg=0
2026-09-19 15:21:16,168 | INFO | SOURCE 678/1284: https://iptv-org.github.io/iptv/countries/ye.m3u -> records=4 epg=0
2026-09-19 15:21:16,168 | INFO | SOURCE 679/1284: https://iptv-org.github.io/iptv/countries/vn.m3u -> records=81 epg=0
2026-09-19 15:21:16,168 | INFO | SOURCE 680/1284: https://iptv-org.github.io/iptv/languages/bak.m3u -> records=1 epg=0
2026-09-19 15:21:16,168 | INFO | SOURCE 681/1284: https://iptv-org.github.io/iptv/languages/abk.m3u -> records=1 epg=0
2026-09-19 15:21:16,168 | INFO | SOURCE 682/1284: https://iptv-org.github.io/iptv/languages/aze.m3u -> records=20 epg=0
2026-09-19 15:21:16,168 | INFO | SOURCE 683/1284: https://iptv-org.github.io/iptv/countries/se.m3u -> records=141 epg=0
2026-09-19 15:21:16,168 | INFO | SOURCE 684/1284: https://iptv-org.github.io/iptv/languages/acf.m3u -> records=1 epg=0
2026-09-19 15:21:16,169 | INFO | SOURCE 685/1284: https://iptv-org.github.io/iptv/languages/bgc.m3u -> records=1 epg=0
2026-09-19 15:21:16,169 | INFO | SOURCE 686/1284: https://iptv-org.github.io/iptv/languages/bam.m3u -> records=1 epg=0
2026-09-19 15:21:16,169 | INFO | SOURCE 687/1284: https://iptv-org.github.io/iptv/languages/amh.m3u -> records=6 epg=0
2026-09-19 15:21:16,169 | INFO | SOURCE 688/1284: https://iptv-org.github.io/iptv/languages/ayb.m3u -> records=1 epg=0
2026-09-19 15:21:16,191 | INFO | SOURCE 689/1284: https://iptv-org.github.io/iptv/languages/aho.m3u -> records=1 epg=0
2026-09-19 15:21:16,191 | INFO | SOURCE 690/1284: https://iptv-org.github.io/iptv/languages/bel.m3u -> records=13 epg=0
2026-09-19 15:21:16,191 | INFO | SOURCE 691/1284: https://iptv-org.github.io/iptv/countries/ve.m3u -> records=80 epg=0
2026-09-19 15:21:16,191 | INFO | SOURCE 692/1284: https://iptv-org.github.io/iptv/languages/ach.m3u -> records=1 epg=0
2026-09-19 15:21:16,199 | INFO | SOURCE 693/1284: https://iptv-org.github.io/iptv/languages/cmn.m3u -> records=3 epg=0
2026-09-19 15:21:16,202 | INFO | SOURCE 694/1284: https://iptv-org.github.io/iptv/languages/asp.m3u -> records=1 epg=0
2026-09-19 15:21:16,202 | INFO | SOURCE 695/1284: https://iptv-org.github.io/iptv/languages/bib.m3u -> records=1 epg=0
2026-09-19 15:21:16,202 | INFO | SOURCE 696/1284: https://iptv-org.github.io/iptv/countries/tr.m3u -> records=174 epg=0
2026-09-19 15:21:16,202 | INFO | SOURCE 697/1284: https://iptv-org.github.io/iptv/languages/bul.m3u -> records=82 epg=0
2026-09-19 15:21:16,202 | INFO | SOURCE 698/1284: https://iptv-org.github.io/iptv/languages/bho.m3u -> records=13 epg=0
2026-09-19 15:21:16,203 | INFO | SOURCE 699/1284: https://iptv-org.github.io/iptv/languages/alz.m3u -> records=1 epg=0
2026-09-19 15:21:16,203 | INFO | SOURCE 700/1284: https://iptv-org.github.io/iptv/languages/bos.m3u -> records=14 epg=0
2026-09-19 15:21:16,207 | INFO | SOURCE 701/1284: https://iptv-org.github.io/iptv/languages/dje.m3u -> records=1 epg=0
2026-09-19 15:21:16,211 | INFO | SOURCE 702/1284: https://iptv-org.github.io/iptv/countries/va.m3u -> records=2 epg=0
2026-09-19 15:21:16,211 | INFO | SOURCE 703/1284: https://iptv-org.github.io/iptv/languages/div.m3u -> records=9 epg=0
2026-09-19 15:21:16,211 | INFO | SOURCE 704/1284: https://iptv-org.github.io/iptv/languages/cgg.m3u -> records=2 epg=0
2026-09-19 15:21:16,211 | INFO | SOURCE 705/1284: https://iptv-org.github.io/iptv/languages/arz.m3u -> records=1 epg=0
2026-09-19 15:21:16,215 | INFO | SOURCE 706/1284: https://iptv-org.github.io/iptv/languages/adh.m3u -> records=1 epg=0
2026-09-19 15:21:16,217 | INFO | SOURCE 707/1284: https://iptv-org.github.io/iptv/languages/asm.m3u -> records=17 epg=0
2026-09-19 15:21:16,217 | INFO | SOURCE 708/1284: https://iptv-org.github.io/iptv/languages/far.m3u -> records=1 epg=0
2026-09-19 15:21:16,217 | INFO | SOURCE 709/1284: https://iptv-org.github.io/iptv/languages/cnr.m3u -> records=1 epg=0
2026-09-19 15:21:16,217 | INFO | SOURCE 710/1284: https://iptv-org.github.io/iptv/languages/czh.m3u -> records=1 epg=0
2026-09-19 15:21:16,218 | INFO | SOURCE 711/1284: https://iptv-org.github.io/iptv/languages/ewe.m3u -> records=1 epg=0
2026-09-19 15:21:16,218 | INFO | SOURCE 712/1284: https://iptv-org.github.io/iptv/languages/dyu.m3u -> records=1 epg=0
2026-09-19 15:21:16,218 | INFO | SOURCE 713/1284: https://iptv-org.github.io/iptv/languages/gcf.m3u -> records=1 epg=0
2026-09-19 15:21:16,221 | INFO | SOURCE 714/1284: https://iptv-org.github.io/iptv/languages/ceb.m3u -> records=2 epg=0
2026-09-19 15:21:16,246 | INFO | SOURCE 715/1284: https://iptv-org.github.io/iptv/countries/us.m3u -> records=1461 epg=0
2026-09-19 15:21:16,246 | INFO | SOURCE 716/1284: https://iptv-org.github.io/iptv/languages/ell.m3u -> records=85 epg=0
2026-09-19 15:21:16,246 | INFO | SOURCE 717/1284: https://iptv-org.github.io/iptv/languages/fil.m3u -> records=2 epg=0
2026-09-19 15:21:16,246 | INFO | SOURCE 718/1284: https://iptv-org.github.io/iptv/languages/dgi.m3u -> records=1 epg=0
2026-09-19 15:21:16,246 | INFO | SOURCE 719/1284: https://iptv-org.github.io/iptv/languages/cym.m3u -> records=1 epg=0
2026-09-19 15:21:16,246 | INFO | SOURCE 720/1284: https://iptv-org.github.io/iptv/languages/aym.m3u -> records=1 epg=0
2026-09-19 15:21:16,246 | INFO | SOURCE 721/1284: https://iptv-org.github.io/iptv/languages/gom.m3u -> records=1 epg=0
2026-09-19 15:21:16,247 | INFO | SOURCE 722/1284: https://iptv-org.github.io/iptv/languages/eus.m3u -> records=8 epg=0
2026-09-19 15:21:16,249 | INFO | SOURCE 723/1284: https://iptv-org.github.io/iptv/languages/ful.m3u -> records=1 epg=0
2026-09-19 15:21:16,249 | INFO | SOURCE 724/1284: https://iptv-org.github.io/iptv/languages/est.m3u -> records=10 epg=0
2026-09-19 15:21:16,249 | INFO | SOURCE 725/1284: https://iptv-org.github.io/iptv/languages/guj.m3u -> records=19 epg=0
2026-09-19 15:21:16,249 | INFO | SOURCE 726/1284: https://iptv-org.github.io/iptv/languages/box.m3u -> records=1 epg=0
2026-09-19 15:21:16,249 | INFO | SOURCE 727/1284: https://iptv-org.github.io/iptv/languages/bod.m3u -> records=0 epg=0
2026-09-19 15:21:16,249 | INFO | SOURCE 728/1284: https://iptv-org.github.io/iptv/languages/fry.m3u -> records=1 epg=0
2026-09-19 15:21:16,265 | INFO | SOURCE 729/1284: https://iptv-org.github.io/iptv/languages/gla.m3u -> records=2 epg=0
2026-09-19 15:21:16,293 | INFO | SOURCE 730/1284: https://iptv-org.github.io/iptv/languages/bbo.m3u -> records=1 epg=0
2026-09-19 15:21:16,293 | INFO | SOURCE 731/1284: https://iptv-org.github.io/iptv/languages/cat.m3u -> records=56 epg=0
2026-09-19 15:21:16,293 | INFO | SOURCE 732/1284: https://iptv-org.github.io/iptv/countries/uk.m3u -> records=312 epg=0
2026-09-19 15:21:16,293 | INFO | SOURCE 733/1284: https://iptv-org.github.io/iptv/languages/gug.m3u -> records=1 epg=0
2026-09-19 15:21:16,293 | INFO | SOURCE 734/1284: https://iptv-org.github.io/iptv/languages/grn.m3u -> records=1 epg=0
2026-09-19 15:21:16,300 | INFO | SOURCE 735/1284: https://iptv-org.github.io/iptv/languages/ces.m3u -> records=69 epg=0
2026-09-19 15:21:16,361 | INFO | SOURCE 736/1284: https://iptv-org.github.io/iptv/countries/ro.m3u -> records=139 epg=0
2026-09-19 15:21:16,404 | INFO | SOURCE 737/1284: https://iptv-org.github.io/iptv/languages/gle.m3u -> records=4 epg=0
2026-09-19 15:21:16,417 | INFO | SOURCE 738/1284: https://iptv-org.github.io/iptv/languages/hat.m3u -> records=14 epg=0
2026-09-19 15:21:16,417 | INFO | SOURCE 739/1284: https://iptv-org.github.io/iptv/languages/fuc.m3u -> records=1 epg=0
2026-09-19 15:21:16,417 | INFO | SOURCE 740/1284: https://iptv-org.github.io/iptv/languages/fon.m3u -> records=1 epg=0
2026-09-19 15:21:16,437 | INFO | SOURCE 741/1284: https://iptv-org.github.io/iptv/languages/fin.m3u -> records=25 epg=0
2026-09-19 15:21:16,444 | INFO | SOURCE 742/1284: https://iptv-org.github.io/iptv/languages/gux.m3u -> records=1 epg=0
2026-09-19 15:21:16,444 | INFO | SOURCE 743/1284: https://iptv-org.github.io/iptv/languages/heb.m3u -> records=31 epg=0
2026-09-19 15:21:16,444 | INFO | SOURCE 744/1284: https://iptv-org.github.io/iptv/languages/glg.m3u -> records=2 epg=0
2026-09-19 15:21:16,444 | INFO | SOURCE 745/1284: https://iptv-org.github.io/iptv/languages/hmo.m3u -> records=1 epg=0
2026-09-19 15:21:16,444 | INFO | SOURCE 746/1284: https://iptv-org.github.io/iptv/languages/ben.m3u -> records=95 epg=0
2026-09-19 15:21:16,463 | INFO | SOURCE 747/1284: https://iptv-org.github.io/iptv/languages/hau.m3u -> records=3 epg=0
2026-09-19 15:21:16,463 | INFO | SOURCE 748/1284: https://iptv-org.github.io/iptv/countries/ua.m3u -> records=196 epg=0
2026-09-19 15:21:16,463 | INFO | SOURCE 749/1284: https://iptv-org.github.io/iptv/languages/kik.m3u -> records=3 epg=0
2026-09-19 15:21:16,463 | INFO | SOURCE 750/1284: https://iptv-org.github.io/iptv/languages/isl.m3u -> records=6 epg=0
2026-09-19 15:21:16,463 | INFO | SOURCE 751/1284: https://iptv-org.github.io/iptv/languages/jav.m3u -> records=6 epg=0
2026-09-19 15:21:16,463 | INFO | SOURCE 752/1284: https://iptv-org.github.io/iptv/languages/fas.m3u -> records=202 epg=0
2026-09-19 15:21:16,463 | INFO | SOURCE 753/1284: https://iptv-org.github.io/iptv/languages/lah.m3u -> records=2 epg=0
2026-09-19 15:21:16,463 | INFO | SOURCE 754/1284: https://iptv-org.github.io/iptv/languages/its.m3u -> records=1 epg=0
2026-09-19 15:21:16,463 | INFO | SOURCE 755/1284: https://iptv-org.github.io/iptv/languages/hrv.m3u -> records=30 epg=0
2026-09-19 15:21:16,463 | INFO | SOURCE 756/1284: https://iptv-org.github.io/iptv/languages/kdi.m3u -> records=1 epg=0
2026-09-19 15:21:16,470 | INFO | SOURCE 757/1284: https://iptv-org.github.io/iptv/languages/khm.m3u -> records=24 epg=0
2026-09-19 15:21:16,497 | INFO | SOURCE 758/1284: https://iptv-org.github.io/iptv/languages/lao.m3u -> records=5 epg=0
2026-09-19 15:21:16,516 | INFO | SOURCE 759/1284: https://iptv-org.github.io/iptv/languages/her.m3u -> records=1 epg=0
2026-09-19 15:21:16,560 | INFO | SOURCE 760/1284: https://iptv-org.github.io/iptv/languages/iku.m3u -> records=1 epg=0
2026-09-19 15:21:16,560 | INFO | SOURCE 761/1284: https://iptv-org.github.io/iptv/languages/icr.m3u -> records=1 epg=0
2026-09-19 15:21:16,560 | INFO | SOURCE 762/1284: https://iptv-org.github.io/iptv/languages/kab.m3u -> records=1 epg=0
2026-09-19 15:21:16,560 | INFO | SOURCE 763/1284: https://iptv-org.github.io/iptv/languages/lat.m3u -> records=2 epg=0
2026-09-19 15:21:16,560 | INFO | SOURCE 764/1284: https://iptv-org.github.io/iptv/languages/lob.m3u -> records=1 epg=0
2026-09-19 15:21:16,560 | INFO | SOURCE 765/1284: https://iptv-org.github.io/iptv/languages/jpn.m3u -> records=13 epg=0
2026-09-19 15:21:16,560 | INFO | SOURCE 766/1284: https://iptv-org.github.io/iptv/languages/hne.m3u -> records=1 epg=0
2026-09-19 15:21:16,560 | INFO | SOURCE 767/1284: https://iptv-org.github.io/iptv/languages/man.m3u -> records=1 epg=0
2026-09-19 15:21:16,560 | INFO | SOURCE 768/1284: https://iptv-org.github.io/iptv/languages/lug.m3u -> records=8 epg=0
2026-09-19 15:21:16,560 | INFO | SOURCE 769/1284: https://iptv-org.github.io/iptv/languages/mos.m3u -> records=2 epg=0
2026-09-19 15:21:16,560 | INFO | SOURCE 770/1284: https://iptv-org.github.io/iptv/languages/ara.m3u -> records=358 epg=0
2026-09-19 15:21:16,560 | INFO | SOURCE 771/1284: https://iptv-org.github.io/iptv/languages/hmn.m3u -> records=2 epg=0
2026-09-19 15:21:16,560 | INFO | SOURCE 772/1284: https://iptv-org.github.io/iptv/languages/hye.m3u -> records=13 epg=0
2026-09-19 15:21:16,560 | INFO | SOURCE 773/1284: https://iptv-org.github.io/iptv/languages/kok.m3u -> records=2 epg=0
2026-09-19 15:21:16,560 | INFO | SOURCE 774/1284: https://iptv-org.github.io/iptv/languages/lus.m3u -> records=1 epg=0
2026-09-19 15:21:16,560 | INFO | SOURCE 775/1284: https://iptv-org.github.io/iptv/languages/kin.m3u -> records=7 epg=0
2026-09-19 15:21:16,568 | INFO | SOURCE 776/1284: https://iptv-org.github.io/iptv/languages/kon.m3u -> records=1 epg=0
2026-09-19 15:21:16,568 | INFO | SOURCE 777/1284: https://iptv-org.github.io/iptv/languages/laj.m3u -> records=1 epg=0
2026-09-19 15:21:16,568 | INFO | SOURCE 778/1284: https://iptv-org.github.io/iptv/languages/lav.m3u -> records=15 epg=0
2026-09-19 15:21:16,568 | INFO | SOURCE 779/1284: https://iptv-org.github.io/iptv/languages/lin.m3u -> records=4 epg=0
2026-09-19 15:21:16,568 | INFO | SOURCE 780/1284: https://iptv-org.github.io/iptv/languages/kmz.m3u -> records=1 epg=0
2026-09-19 15:21:16,576 | INFO | SOURCE 781/1284: https://iptv-org.github.io/iptv/languages/dan.m3u -> records=155 epg=0
2026-09-19 15:21:16,576 | INFO | SOURCE 782/1284: https://iptv-org.github.io/iptv/languages/koo.m3u -> records=1 epg=0
2026-09-19 15:21:16,576 | INFO | SOURCE 783/1284: https://iptv-org.github.io/iptv/languages/lee.m3u -> records=1 epg=0
2026-09-19 15:21:16,576 | INFO | SOURCE 784/1284: https://iptv-org.github.io/iptv/languages/mlt.m3u -> records=9 epg=0
2026-09-19 15:21:16,576 | INFO | SOURCE 785/1284: https://iptv-org.github.io/iptv/languages/kaz.m3u -> records=48 epg=0
2026-09-19 15:21:16,576 | INFO | SOURCE 786/1284: https://iptv-org.github.io/iptv/languages/luo.m3u -> records=1 epg=0
2026-09-19 15:21:16,576 | INFO | SOURCE 787/1284: https://iptv-org.github.io/iptv/languages/lua.m3u -> records=1 epg=0
2026-09-19 15:21:16,576 | INFO | SOURCE 788/1284: https://iptv-org.github.io/iptv/languages/kat.m3u -> records=20 epg=0
2026-09-19 15:21:16,617 | INFO | SOURCE 789/1284: https://iptv-org.github.io/iptv/languages/kur.m3u -> records=34 epg=0
2026-09-19 15:21:16,617 | INFO | SOURCE 790/1284: https://iptv-org.github.io/iptv/languages/kbp.m3u -> records=1 epg=0
2026-09-19 15:21:16,617 | INFO | SOURCE 791/1284: https://iptv-org.github.io/iptv/languages/mkw.m3u -> records=1 epg=0
2026-09-19 15:21:16,636 | INFO | SOURCE 792/1284: https://iptv-org.github.io/iptv/languages/ltz.m3u -> records=8 epg=0
2026-09-19 15:21:16,636 | INFO | SOURCE 793/1284: https://iptv-org.github.io/iptv/languages/fra.m3u -> records=459 epg=0
2026-09-19 15:21:16,636 | INFO | SOURCE 794/1284: https://iptv-org.github.io/iptv/languages/mkd.m3u -> records=25 epg=0
2026-09-19 15:21:16,636 | INFO | SOURCE 795/1284: https://iptv-org.github.io/iptv/languages/mya.m3u -> records=17 epg=0
2026-09-19 15:21:16,636 | INFO | SOURCE 796/1284: https://iptv-org.github.io/iptv/languages/hun.m3u -> records=146 epg=0
2026-09-19 15:21:16,662 | INFO | SOURCE 797/1284: https://iptv-org.github.io/iptv/languages/kan.m3u -> records=33 epg=0
2026-09-19 15:21:16,673 | INFO | SOURCE 798/1284: https://iptv-org.github.io/iptv/languages/kir.m3u -> records=11 epg=0
2026-09-19 15:21:16,675 | INFO | SOURCE 799/1284: https://iptv-org.github.io/iptv/languages/ory.m3u -> records=2 epg=0
2026-09-19 15:21:16,675 | INFO | SOURCE 800/1284: https://iptv-org.github.io/iptv/languages/nld.m3u -> records=191 epg=0
2026-09-19 15:21:16,675 | INFO | SOURCE 801/1284: https://iptv-org.github.io/iptv/languages/mri.m3u -> records=2 epg=0
2026-09-19 15:21:16,682 | INFO | SOURCE 802/1284: https://iptv-org.github.io/iptv/languages/msa.m3u -> records=18 epg=0
2026-09-19 15:21:16,682 | INFO | SOURCE 803/1284: https://iptv-org.github.io/iptv/languages/kor.m3u -> records=81 epg=0
2026-09-19 15:21:16,682 | INFO | SOURCE 804/1284: https://iptv-org.github.io/iptv/languages/lit.m3u -> records=19 epg=0
2026-09-19 15:21:16,698 | INFO | SOURCE 805/1284: https://iptv-org.github.io/iptv/languages/nbl.m3u -> records=1 epg=0
2026-09-19 15:21:16,698 | INFO | SOURCE 806/1284: https://iptv-org.github.io/iptv/languages/pus.m3u -> records=22 epg=0
2026-09-19 15:21:16,698 | INFO | SOURCE 807/1284: https://iptv-org.github.io/iptv/languages/ind.m3u -> records=177 epg=0
2026-09-19 15:21:16,711 | INFO | SOURCE 808/1284: https://iptv-org.github.io/iptv/languages/mar.m3u -> records=32 epg=0
2026-09-19 15:21:16,711 | INFO | SOURCE 809/1284: https://iptv-org.github.io/iptv/languages/deu.m3u -> records=340 epg=0
2026-09-19 15:21:16,711 | INFO | SOURCE 810/1284: https://iptv-org.github.io/iptv/languages/mon.m3u -> records=39 epg=0
2026-09-19 15:21:16,711 | INFO | SOURCE 811/1284: https://iptv-org.github.io/iptv/languages/mai.m3u -> records=9 epg=0
2026-09-19 15:21:16,711 | INFO | SOURCE 812/1284: https://iptv-org.github.io/iptv/languages/rkm.m3u -> records=1 epg=0
2026-09-19 15:21:16,712 | INFO | SOURCE 813/1284: https://iptv-org.github.io/iptv/languages/rif.m3u -> records=1 epg=0
2026-09-19 15:21:16,712 | INFO | SOURCE 814/1284: https://iptv-org.github.io/iptv/languages/ita.m3u -> records=324 epg=0
2026-09-19 15:21:16,714 | INFO | SOURCE 815/1284: https://iptv-org.github.io/iptv/languages/nyo.m3u -> records=1 epg=0
2026-09-19 15:21:16,715 | INFO | SOURCE 816/1284: https://iptv-org.github.io/iptv/languages/sah.m3u -> records=1 epg=0
2026-09-19 15:21:16,715 | INFO | SOURCE 817/1284: https://iptv-org.github.io/iptv/languages/nan.m3u -> records=1 epg=0
2026-09-19 15:21:16,715 | INFO | SOURCE 818/1284: https://iptv-org.github.io/iptv/languages/smo.m3u -> records=1 epg=0
2026-09-19 15:21:16,715 | INFO | SOURCE 819/1284: https://iptv-org.github.io/iptv/languages/pan.m3u -> records=47 epg=0
2026-09-19 15:21:16,715 | INFO | SOURCE 820/1284: https://iptv-org.github.io/iptv/languages/nyn.m3u -> records=1 epg=0
2026-09-19 15:21:16,715 | INFO | SOURCE 821/1284: https://iptv-org.github.io/iptv/languages/sfs.m3u -> records=1 epg=0
2026-09-19 15:21:16,715 | INFO | SOURCE 822/1284: https://iptv-org.github.io/iptv/languages/hin.m3u -> records=374 epg=0
2026-09-19 15:21:16,716 | INFO | SOURCE 823/1284: https://iptv-org.github.io/iptv/languages/nep.m3u -> records=16 epg=0
2026-09-19 15:21:16,716 | INFO | SOURCE 824/1284: https://iptv-org.github.io/iptv/languages/pam.m3u -> records=1 epg=0
2026-09-19 15:21:16,717 | INFO | SOURCE 825/1284: https://iptv-org.github.io/iptv/languages/stj.m3u -> records=1 epg=0
2026-09-19 15:21:16,718 | INFO | SOURCE 826/1284: https://iptv-org.github.io/iptv/languages/prd.m3u -> records=13 epg=0
2026-09-19 15:21:16,721 | INFO | SOURCE 827/1284: https://iptv-org.github.io/iptv/languages/sbd.m3u -> records=1 epg=0
2026-09-19 15:21:16,722 | INFO | SOURCE 828/1284: https://iptv-org.github.io/iptv/languages/sym.m3u -> records=1 epg=0
2026-09-19 15:21:16,723 | INFO | SOURCE 829/1284: https://iptv-org.github.io/iptv/languages/pap.m3u -> records=20 epg=0
2026-09-19 15:21:16,724 | INFO | SOURCE 830/1284: https://iptv-org.github.io/iptv/languages/shy.m3u -> records=1 epg=0
2026-09-19 15:21:16,724 | INFO | SOURCE 831/1284: https://iptv-org.github.io/iptv/languages/svc.m3u -> records=1 epg=0
2026-09-19 15:21:16,724 | INFO | SOURCE 832/1284: https://iptv-org.github.io/iptv/languages/ori.m3u -> records=15 epg=0
2026-09-19 15:21:16,724 | INFO | SOURCE 833/1284: https://iptv-org.github.io/iptv/languages/sat.m3u -> records=1 epg=0
2026-09-19 15:21:16,725 | INFO | SOURCE 834/1284: https://iptv-org.github.io/iptv/languages/swa.m3u -> records=22 epg=0
2026-09-19 15:21:16,725 | INFO | SOURCE 835/1284: https://iptv-org.github.io/iptv/languages/rom.m3u -> records=2 epg=0
2026-09-19 15:21:16,725 | INFO | SOURCE 836/1284: https://iptv-org.github.io/iptv/languages/eng.m3u -> records=2962 epg=1
2026-09-19 15:21:16,726 | INFO | SOURCE 837/1284: https://iptv-org.github.io/iptv/languages/tso.m3u -> records=1 epg=0
2026-09-19 15:21:16,726 | INFO | SOURCE 838/1284: https://iptv-org.github.io/iptv/languages/mal.m3u -> records=75 epg=0
2026-09-19 15:21:16,726 | INFO | SOURCE 839/1284: https://iptv-org.github.io/iptv/languages/tat.m3u -> records=1 epg=0
2026-09-19 15:21:16,726 | INFO | SOURCE 840/1284: https://iptv-org.github.io/iptv/languages/que.m3u -> records=1 epg=0
2026-09-19 15:21:16,731 | INFO | SOURCE 841/1284: https://iptv-org.github.io/iptv/languages/srp.m3u -> records=55 epg=0
2026-09-19 15:21:16,734 | INFO | SOURCE 842/1284: https://iptv-org.github.io/iptv/languages/sin.m3u -> records=8 epg=0
2026-09-19 15:21:16,734 | INFO | SOURCE 843/1284: https://iptv-org.github.io/iptv/languages/shi.m3u -> records=1 epg=0
2026-09-19 15:21:16,734 | INFO | SOURCE 844/1284: https://iptv-org.github.io/iptv/languages/nor.m3u -> records=116 epg=0
2026-09-19 15:21:16,734 | INFO | SOURCE 845/1284: https://iptv-org.github.io/iptv/languages/som.m3u -> records=10 epg=0
2026-09-19 15:21:16,735 | INFO | SOURCE 846/1284: https://iptv-org.github.io/iptv/languages/sqi.m3u -> records=56 epg=0
2026-09-19 15:21:16,735 | INFO | SOURCE 847/1284: https://iptv-org.github.io/iptv/languages/mnk.m3u -> records=1 epg=0
2026-09-19 15:21:16,735 | INFO | SOURCE 848/1284: https://iptv-org.github.io/iptv/languages/tgl.m3u -> records=11 epg=0
2026-09-19 15:21:16,735 | INFO | SOURCE 849/1284: https://iptv-org.github.io/iptv/languages/tir.m3u -> records=1 epg=0
2026-09-19 15:21:16,735 | INFO | SOURCE 850/1284: https://iptv-org.github.io/iptv/languages/pol.m3u -> records=62 epg=0
2026-09-19 15:21:16,735 | INFO | SOURCE 851/1284: https://iptv-org.github.io/iptv/languages/slk.m3u -> records=55 epg=0
2026-09-19 15:21:16,735 | INFO | SOURCE 852/1284: https://iptv-org.github.io/iptv/languages/tig.m3u -> records=1 epg=0
2026-09-19 15:21:16,735 | INFO | SOURCE 853/1284: https://iptv-org.github.io/iptv/languages/sun.m3u -> records=4 epg=0
2026-09-19 15:21:16,735 | INFO | SOURCE 854/1284: https://iptv-org.github.io/iptv/languages/taq.m3u -> records=1 epg=0
2026-09-19 15:21:16,735 | INFO | SOURCE 855/1284: https://iptv-org.github.io/iptv/languages/vie.m3u -> records=85 epg=0
2026-09-19 15:21:16,736 | INFO | SOURCE 856/1284: https://iptv-org.github.io/iptv/languages/rus.m3u -> records=663 epg=0
2026-09-19 15:21:16,736 | INFO | SOURCE 857/1284: https://iptv-org.github.io/iptv/languages/uig.m3u -> records=1 epg=0
2026-09-19 15:21:16,736 | INFO | SOURCE 858/1284: https://iptv-org.github.io/iptv/languages/tgk.m3u -> records=15 epg=0
2026-09-19 15:21:16,736 | INFO | SOURCE 859/1284: https://iptv-org.github.io/iptv/languages/snd.m3u -> records=1 epg=0
2026-09-19 15:21:16,794 | INFO | SOURCE 860/1284: https://iptv-org.github.io/iptv/languages/slv.m3u -> records=21 epg=0
2026-09-19 15:21:16,803 | INFO | SOURCE 861/1284: https://iptv-org.github.io/iptv/languages/tha.m3u -> records=81 epg=0
2026-09-19 15:21:16,815 | INFO | SOURCE 862/1284: https://iptv-org.github.io/iptv/languages/tah.m3u -> records=1 epg=0
2026-09-19 15:21:16,844 | INFO | SOURCE 863/1284: https://iptv-org.github.io/iptv/languages/por.m3u -> records=462 epg=0
2026-09-19 15:21:16,844 | INFO | SOURCE 864/1284: https://iptv-org.github.io/iptv/languages/wol.m3u -> records=5 epg=0
2026-09-19 15:21:16,844 | INFO | SOURCE 865/1284: https://iptv-org.github.io/iptv/languages/tam.m3u -> records=124 epg=0
2026-09-19 15:21:16,844 | INFO | SOURCE 866/1284: https://iptv-org.github.io/iptv/languages/tpi.m3u -> records=1 epg=0
2026-09-19 15:21:16,844 | INFO | SOURCE 867/1284: https://iptv-org.github.io/iptv/languages/ssw.m3u -> records=1 epg=0
2026-09-19 15:21:16,844 | INFO | SOURCE 868/1284: https://iptv-org.github.io/iptv/languages/urd.m3u -> records=84 epg=0
2026-09-19 15:21:16,844 | INFO | SOURCE 869/1284: https://iptv-org.github.io/iptv/languages/yua.m3u -> records=1 epg=0
2026-09-19 15:21:16,844 | INFO | SOURCE 870/1284: https://iptv-org.github.io/iptv/languages/tuk.m3u -> records=9 epg=0
2026-09-19 15:21:16,845 | WARNING | SOURCE FAIL [871/1284] https://iptv-org.github.io/iptv/raw/<FILENAME>.m3u :: <HTTPError 404: 'Not Found'>
2026-09-19 15:21:16,845 | INFO | SOURCE 872/1284: https://iptv-org.github.io/iptv/languages/ven.m3u -> records=1 epg=0
2026-09-19 15:21:16,851 | INFO | SOURCE 873/1284: https://iptv-org.github.io/iptv/languages/ttj.m3u -> records=1 epg=0
2026-09-19 15:21:16,961 | INFO | SOURCE 874/1284: https://iptv-org.github.io/iptv/languages/tel.m3u -> records=81 epg=0
2026-09-19 15:21:16,968 | INFO | SOURCE 875/1284: https://iptv-org.github.io/iptv/languages/zza.m3u -> records=4 epg=0
2026-09-19 15:21:16,980 | INFO | SOURCE 876/1284: https://iptv-org.github.io/iptv/languages/ron.m3u -> records=149 epg=0
2026-09-19 15:21:16,980 | INFO | SOURCE 877/1284: https://iptv-org.github.io/iptv/languages/undefined.m3u -> records=18 epg=0
2026-09-19 15:21:16,980 | INFO | SOURCE 878/1284: https://iptv-org.github.io/iptv/languages/xho.m3u -> records=1 epg=0
2026-09-19 15:21:16,980 | INFO | SOURCE 879/1284: https://iptv-org.github.io/iptv/languages/yue.m3u -> records=9 epg=0
2026-09-19 15:21:16,980 | INFO | SOURCE 880/1284: https://iptv-org.github.io/iptv/languages/yor.m3u -> records=2 epg=0
2026-09-19 15:21:16,980 | INFO | SOURCE 881/1284: https://iptv-org.github.io/iptv/languages/tzm.m3u -> records=1 epg=0
2026-09-19 15:21:16,981 | INFO | SOURCE 882/1284: https://iptv-org.github.io/iptv/languages/uzb.m3u -> records=33 epg=0
2026-09-19 15:21:16,982 | INFO | SOURCE 883/1284: https://iptv-org.github.io/iptv/languages/tmh.m3u -> records=1 epg=0
2026-09-19 15:21:17,039 | INFO | SOURCE 884/1284: https://iptv-org.github.io/iptv/languages/xms.m3u -> records=1 epg=0
2026-09-19 15:21:17,069 | INFO | SOURCE 885/1284: https://iptv-org.github.io/iptv/languages/swe.m3u -> records=133 epg=0
2026-09-19 15:21:17,082 | INFO | SOURCE 886/1284: https://iptv-org.github.io/iptv/languages/zul.m3u -> records=1 epg=0
2026-09-19 15:21:17,082 | INFO | SOURCE 887/1284: https://iptv-org.github.io/iptv/regions/maghreb.m3u -> records=186 epg=1
2026-09-19 15:21:17,113 | INFO | SOURCE 888/1284: https://iptv-org.github.io/iptv/subdivisions/ar-k.m3u -> records=1 epg=0
2026-09-19 15:21:17,113 | INFO | SOURCE 889/1284: https://iptv-org.github.io/iptv/languages/zho.m3u -> records=212 epg=0
2026-09-19 15:21:17,113 | INFO | SOURCE 890/1284: https://iptv-org.github.io/iptv/languages/tur.m3u -> records=176 epg=0
2026-09-19 15:21:17,114 | INFO | SOURCE 891/1284: https://iptv-org.github.io/iptv/subdivisions/ar-e.m3u -> records=3 epg=0
2026-09-19 15:21:17,114 | INFO | SOURCE 892/1284: https://iptv-org.github.io/iptv/regions/afr.m3u -> records=508 epg=1
2026-09-19 15:21:17,114 | INFO | SOURCE 893/1284: https://iptv-org.github.io/iptv/subdivisions/ar-b.m3u -> records=18 epg=0
2026-09-19 15:21:17,114 | INFO | SOURCE 894/1284: https://iptv-org.github.io/iptv/regions/benelux.m3u -> records=371 epg=1
2026-09-19 15:21:17,139 | INFO | SOURCE 895/1284: https://iptv-org.github.io/iptv/subdivisions/ar-j.m3u -> records=5 epg=0
2026-09-19 15:21:17,303 | INFO | SOURCE 896/1284: https://iptv-org.github.io/iptv/subdivisions/ar-g.m3u -> records=1 epg=0
2026-09-19 15:21:17,360 | INFO | SOURCE 897/1284: https://iptv-org.github.io/iptv/subdivisions/ar-h.m3u -> records=5 epg=0
2026-09-19 15:21:17,360 | INFO | SOURCE 898/1284: https://iptv-org.github.io/iptv/subdivisions/al-04.m3u -> records=1 epg=0
2026-09-19 15:21:17,360 | INFO | SOURCE 899/1284: https://iptv-org.github.io/iptv/subdivisions/ar-d.m3u -> records=1 epg=0
2026-09-19 15:21:17,361 | INFO | SOURCE 900/1284: https://iptv-org.github.io/iptv/subdivisions/ar-p.m3u -> records=1 epg=0
2026-09-19 15:21:17,361 | INFO | SOURCE 901/1284: https://iptv-org.github.io/iptv/subdivisions/ar-l.m3u -> records=1 epg=0
2026-09-19 15:21:17,361 | INFO | SOURCE 902/1284: https://iptv-org.github.io/iptv/regions/cis.m3u -> records=849 epg=1
2026-09-19 15:21:17,361 | INFO | SOURCE 903/1284: https://iptv-org.github.io/iptv/regions/arab.m3u -> records=476 epg=1
2026-09-19 15:21:17,361 | INFO | SOURCE 904/1284: https://iptv-org.github.io/iptv/subdivisions/ar-q.m3u -> records=3 epg=0
2026-09-19 15:21:17,361 | INFO | SOURCE 905/1284: https://iptv-org.github.io/iptv/subdivisions/ar-f.m3u -> records=1 epg=0
2026-09-19 15:21:17,361 | WARNING | SOURCE FAIL [906/1284] https://iptv-org.github.io/iptv/sources/<FILENAME>.m3u :: <HTTPError 404: 'Not Found'>
2026-09-19 15:21:17,361 | INFO | SOURCE 907/1284: https://iptv-org.github.io/iptv/subdivisions/ar-s.m3u -> records=9 epg=0
2026-09-19 15:21:17,361 | INFO | SOURCE 908/1284: https://iptv-org.github.io/iptv/subdivisions/ar-a.m3u -> records=3 epg=0
2026-09-19 15:21:17,361 | INFO | SOURCE 909/1284: https://iptv-org.github.io/iptv/subdivisions/ar-n.m3u -> records=4 epg=0
2026-09-19 15:21:17,361 | INFO | SOURCE 910/1284: https://iptv-org.github.io/iptv/subdivisions/ar-w.m3u -> records=1 epg=0
2026-09-19 15:21:17,361 | INFO | SOURCE 911/1284: https://iptv-org.github.io/iptv/regions/sea.m3u -> records=541 epg=1
2026-09-19 15:21:17,361 | INFO | SOURCE 912/1284: https://iptv-org.github.io/iptv/regions/nord.m3u -> records=596 epg=1
2026-09-19 15:21:17,361 | INFO | SOURCE 913/1284: https://iptv-org.github.io/iptv/subdivisions/ar-x.m3u -> records=2 epg=0
2026-09-19 15:21:17,389 | INFO | SOURCE 914/1284: https://iptv-org.github.io/iptv/subdivisions/au-nsw.m3u -> records=11 epg=0
2026-09-19 15:21:17,591 | INFO | SOURCE 915/1284: https://iptv-org.github.io/iptv/subdivisions/ar-t.m3u -> records=1 epg=0
2026-09-19 15:21:17,591 | INFO | SOURCE 916/1284: https://iptv-org.github.io/iptv/regions/cenamer.m3u -> records=555 epg=1
2026-09-19 15:21:17,591 | INFO | SOURCE 917/1284: https://iptv-org.github.io/iptv/subdivisions/ar-y.m3u -> records=3 epg=0
2026-09-19 15:21:17,591 | INFO | SOURCE 918/1284: https://iptv-org.github.io/iptv/subdivisions/ar-v.m3u -> records=2 epg=0
2026-09-19 15:21:17,591 | INFO | SOURCE 919/1284: https://iptv-org.github.io/iptv/regions/ceu.m3u -> records=1195 epg=1
2026-09-19 15:21:17,591 | INFO | SOURCE 920/1284: https://iptv-org.github.io/iptv/languages/ukr.m3u -> records=176 epg=0
2026-09-19 15:21:17,591 | INFO | SOURCE 921/1284: https://iptv-org.github.io/iptv/subdivisions/ar-u.m3u -> records=3 epg=0
2026-09-19 15:21:17,591 | INFO | SOURCE 922/1284: https://iptv-org.github.io/iptv/regions/eas.m3u -> records=401 epg=1
2026-09-19 15:21:17,591 | INFO | SOURCE 923/1284: https://iptv-org.github.io/iptv/subdivisions/au-act.m3u -> records=1 epg=0
2026-09-19 15:21:17,591 | INFO | SOURCE 924/1284: https://iptv-org.github.io/iptv/subdivisions/at-2.m3u -> records=1 epg=0
2026-09-19 15:21:17,591 | INFO | SOURCE 925/1284: https://iptv-org.github.io/iptv/subdivisions/au-tas.m3u -> records=1 epg=0
2026-09-19 15:21:17,592 | INFO | SOURCE 926/1284: https://iptv-org.github.io/iptv/subdivisions/au-nt.m3u -> records=1 epg=0
2026-09-19 15:21:17,659 | INFO | SOURCE 927/1284: https://iptv-org.github.io/iptv/subdivisions/br-am.m3u -> records=1 epg=0
2026-09-19 15:21:17,723 | INFO | SOURCE 928/1284: https://iptv-org.github.io/iptv/subdivisions/br-es.m3u -> records=2 epg=0
2026-09-19 15:21:17,723 | INFO | SOURCE 929/1284: https://iptv-org.github.io/iptv/subdivisions/au-qld.m3u -> records=2 epg=0
2026-09-19 15:21:17,723 | INFO | SOURCE 930/1284: https://iptv-org.github.io/iptv/subdivisions/bo-l.m3u -> records=5 epg=0
2026-09-19 15:21:17,723 | INFO | SOURCE 931/1284: https://iptv-org.github.io/iptv/regions/saf.m3u -> records=129 epg=1
2026-09-19 15:21:17,723 | INFO | SOURCE 932/1284: https://iptv-org.github.io/iptv/subdivisions/at-6.m3u -> records=1 epg=0
2026-09-19 15:21:17,740 | INFO | SOURCE 933/1284: https://iptv-org.github.io/iptv/subdivisions/br-pb.m3u -> records=2 epg=0
2026-09-19 15:21:17,745 | INFO | SOURCE 934/1284: https://iptv-org.github.io/iptv/subdivisions/ar-z.m3u -> records=1 epg=0
2026-09-19 15:21:17,745 | INFO | SOURCE 935/1284: https://iptv-org.github.io/iptv/subdivisions/be-van.m3u -> records=1 epg=0
2026-09-19 15:21:17,746 | INFO | SOURCE 936/1284: https://iptv-org.github.io/iptv/subdivisions/bo-o.m3u -> records=1 epg=0
2026-09-19 15:21:17,746 | INFO | SOURCE 937/1284: https://iptv-org.github.io/iptv/subdivisions/br-pa.m3u -> records=1 epg=0
2026-09-19 15:21:17,746 | INFO | SOURCE 938/1284: https://iptv-org.github.io/iptv/subdivisions/bo-c.m3u -> records=1 epg=0
2026-09-19 15:21:17,746 | INFO | SOURCE 939/1284: https://iptv-org.github.io/iptv/subdivisions/au-vic.m3u -> records=1 epg=0
2026-09-19 15:21:17,746 | INFO | SOURCE 940/1284: https://iptv-org.github.io/iptv/regions/balkan.m3u -> records=818 epg=1
2026-09-19 15:21:17,746 | INFO | SOURCE 941/1284: https://iptv-org.github.io/iptv/subdivisions/be-vlg.m3u -> records=1 epg=0
2026-09-19 15:21:17,746 | INFO | SOURCE 942/1284: https://iptv-org.github.io/iptv/regions/carib.m3u -> records=636 epg=1
2026-09-19 15:21:17,746 | INFO | SOURCE 943/1284: https://iptv-org.github.io/iptv/regions/was.m3u -> records=975 epg=1
2026-09-19 15:21:17,746 | INFO | SOURCE 944/1284: https://iptv-org.github.io/iptv/subdivisions/au-sa.m3u -> records=2 epg=0
2026-09-19 15:21:17,746 | INFO | SOURCE 945/1284: https://iptv-org.github.io/iptv/subdivisions/br-mt.m3u -> records=2 epg=0
2026-09-19 15:21:17,746 | INFO | SOURCE 946/1284: https://iptv-org.github.io/iptv/subdivisions/au-wa.m3u -> records=2 epg=0
2026-09-19 15:21:17,746 | INFO | SOURCE 947/1284: https://iptv-org.github.io/iptv/subdivisions/ca-ab.m3u -> records=4 epg=0
2026-09-19 15:21:17,746 | INFO | SOURCE 948/1284: https://iptv-org.github.io/iptv/subdivisions/br-pr.m3u -> records=3 epg=0
2026-09-19 15:21:17,746 | INFO | SOURCE 949/1284: https://iptv-org.github.io/iptv/subdivisions/br-ce.m3u -> records=2 epg=0
2026-09-19 15:21:17,789 | INFO | SOURCE 950/1284: https://iptv-org.github.io/iptv/regions/asean.m3u -> records=541 epg=1
2026-09-19 15:21:17,789 | INFO | SOURCE 951/1284: https://iptv-org.github.io/iptv/subdivisions/br-to.m3u -> records=1 epg=0
2026-09-19 15:21:17,789 | INFO | SOURCE 952/1284: https://iptv-org.github.io/iptv/languages/spa.m3u -> records=2272 epg=0
2026-09-19 15:21:17,835 | INFO | SOURCE 953/1284: https://iptv-org.github.io/iptv/subdivisions/br-df.m3u -> records=1 epg=0
2026-09-19 15:21:17,895 | INFO | SOURCE 954/1284: https://iptv-org.github.io/iptv/subdivisions/br-rn.m3u -> records=3 epg=0
2026-09-19 15:21:17,896 | INFO | SOURCE 955/1284: https://iptv-org.github.io/iptv/regions/ser.m3u -> records=1149 epg=1
2026-09-19 15:21:17,896 | INFO | SOURCE 956/1284: https://iptv-org.github.io/iptv/regions/oce.m3u -> records=172 epg=1
2026-09-19 15:21:17,896 | INFO | SOURCE 957/1284: https://iptv-org.github.io/iptv/subdivisions/br-ba.m3u -> records=2 epg=0
2026-09-19 15:21:17,896 | INFO | SOURCE 958/1284: https://iptv-org.github.io/iptv/subdivisions/br-mg.m3u -> records=6 epg=0
2026-09-19 15:21:17,896 | INFO | SOURCE 959/1284: https://iptv-org.github.io/iptv/subdivisions/br-rj.m3u -> records=7 epg=0
2026-09-19 15:21:17,919 | INFO | SOURCE 960/1284: https://iptv-org.github.io/iptv/subdivisions/br-ma.m3u -> records=1 epg=0
2026-09-19 15:21:17,965 | INFO | SOURCE 961/1284: https://iptv-org.github.io/iptv/regions/cas.m3u -> records=265 epg=1
2026-09-19 15:21:17,965 | INFO | SOURCE 962/1284: https://iptv-org.github.io/iptv/subdivisions/ca-mb.m3u -> records=3 epg=0
2026-09-19 15:21:17,965 | INFO | SOURCE 963/1284: https://iptv-org.github.io/iptv/subdivisions/ca-qc.m3u -> records=11 epg=0
2026-09-19 15:21:17,965 | INFO | SOURCE 964/1284: https://iptv-org.github.io/iptv/subdivisions/ca-nu.m3u -> records=1 epg=0
2026-09-19 15:21:17,965 | INFO | SOURCE 965/1284: https://iptv-org.github.io/iptv/subdivisions/br-rs.m3u -> records=4 epg=0
2026-09-19 15:21:17,965 | INFO | SOURCE 966/1284: https://iptv-org.github.io/iptv/subdivisions/ca-sk.m3u -> records=2 epg=0
2026-09-19 15:21:17,965 | INFO | SOURCE 967/1284: https://iptv-org.github.io/iptv/subdivisions/ca-ns.m3u -> records=1 epg=0
2026-09-19 15:21:17,965 | INFO | SOURCE 968/1284: https://iptv-org.github.io/iptv/subdivisions/br-sc.m3u -> records=4 epg=0
2026-09-19 15:21:17,965 | INFO | SOURCE 969/1284: https://iptv-org.github.io/iptv/regions/neu.m3u -> records=649 epg=1
2026-09-19 15:21:17,965 | INFO | SOURCE 970/1284: https://iptv-org.github.io/iptv/regions/eaf.m3u -> records=245 epg=1
2026-09-19 15:21:17,965 | INFO | SOURCE 971/1284: https://iptv-org.github.io/iptv/subdivisions/cl-bi.m3u -> records=2 epg=0
2026-09-19 15:21:17,965 | INFO | SOURCE 972/1284: https://iptv-org.github.io/iptv/subdivisions/co-cho.m3u -> records=1 epg=0
2026-09-19 15:21:17,965 | INFO | SOURCE 973/1284: https://iptv-org.github.io/iptv/regions/sas.m3u -> records=1102 epg=1
2026-09-19 15:21:17,965 | INFO | SOURCE 974/1284: https://iptv-org.github.io/iptv/subdivisions/ca-nt.m3u -> records=1 epg=0
2026-09-19 15:21:17,966 | INFO | SOURCE 975/1284: https://iptv-org.github.io/iptv/subdivisions/ca-nb.m3u -> records=3 epg=0
2026-09-19 15:21:17,966 | INFO | SOURCE 976/1284: https://iptv-org.github.io/iptv/subdivisions/cl-ar.m3u -> records=1 epg=0
2026-09-19 15:21:17,966 | INFO | SOURCE 977/1284: https://iptv-org.github.io/iptv/subdivisions/cr-p.m3u -> records=1 epg=0
2026-09-19 15:21:17,966 | INFO | SOURCE 978/1284: https://iptv-org.github.io/iptv/subdivisions/br-sp.m3u -> records=16 epg=0
2026-09-19 15:21:17,966 | INFO | SOURCE 979/1284: https://iptv-org.github.io/iptv/subdivisions/ca-nl.m3u -> records=2 epg=0
2026-09-19 15:21:17,966 | INFO | SOURCE 980/1284: https://iptv-org.github.io/iptv/subdivisions/cl-ml.m3u -> records=1 epg=0
2026-09-19 15:21:17,974 | INFO | SOURCE 981/1284: https://iptv-org.github.io/iptv/subdivisions/bo-s.m3u -> records=1 epg=0
2026-09-19 15:21:18,018 | INFO | SOURCE 982/1284: https://iptv-org.github.io/iptv/subdivisions/co-cal.m3u -> records=1 epg=0
2026-09-19 15:21:18,080 | INFO | SOURCE 983/1284: https://iptv-org.github.io/iptv/subdivisions/cl-vs.m3u -> records=1 epg=0
2026-09-19 15:21:18,080 | INFO | SOURCE 984/1284: https://iptv-org.github.io/iptv/regions/waf.m3u -> records=287 epg=1
2026-09-19 15:21:18,080 | INFO | SOURCE 985/1284: https://iptv-org.github.io/iptv/regions/southam.m3u -> records=1610 epg=1
2026-09-19 15:21:18,080 | INFO | SOURCE 986/1284: https://iptv-org.github.io/iptv/subdivisions/ca-bc.m3u -> records=5 epg=0
2026-09-19 15:21:18,080 | INFO | SOURCE 987/1284: https://iptv-org.github.io/iptv/subdivisions/ca-on.m3u -> records=6 epg=0
2026-09-19 15:21:18,093 | INFO | SOURCE 988/1284: https://iptv-org.github.io/iptv/subdivisions/co-tol.m3u -> records=1 epg=0
2026-09-19 15:21:18,134 | INFO | SOURCE 989/1284: https://iptv-org.github.io/iptv/subdivisions/de-mv.m3u -> records=1 epg=0
2026-09-19 15:21:18,148 | INFO | SOURCE 990/1284: https://iptv-org.github.io/iptv/regions/apac.m3u -> records=1923 epg=1
2026-09-19 15:21:18,149 | INFO | SOURCE 991/1284: https://iptv-org.github.io/iptv/subdivisions/ca-pe.m3u -> records=1 epg=0
2026-09-19 15:21:18,149 | INFO | SOURCE 992/1284: https://iptv-org.github.io/iptv/subdivisions/de-by.m3u -> records=2 epg=0
2026-09-19 15:21:18,149 | INFO | SOURCE 993/1284: https://iptv-org.github.io/iptv/subdivisions/co-cau.m3u -> records=1 epg=0
2026-09-19 15:21:18,162 | INFO | SOURCE 994/1284: https://iptv-org.github.io/iptv/regions/cee.m3u -> records=1704 epg=1
2026-09-19 15:21:18,192 | INFO | SOURCE 995/1284: https://iptv-org.github.io/iptv/regions/ssa.m3u -> records=459 epg=1
2026-09-19 15:21:18,192 | INFO | SOURCE 996/1284: https://iptv-org.github.io/iptv/subdivisions/de-st.m3u -> records=1 epg=0
2026-09-19 15:21:18,192 | INFO | SOURCE 997/1284: https://iptv-org.github.io/iptv/subdivisions/de-bb.m3u -> records=1 epg=0
2026-09-19 15:21:18,192 | INFO | SOURCE 998/1284: https://iptv-org.github.io/iptv/subdivisions/do-08.m3u -> records=1 epg=0
2026-09-19 15:21:18,192 | INFO | SOURCE 999/1284: https://iptv-org.github.io/iptv/subdivisions/cl-ma.m3u -> records=1 epg=0
2026-09-19 15:21:18,192 | INFO | SOURCE 1000/1284: https://iptv-org.github.io/iptv/subdivisions/co-sap.m3u -> records=1 epg=0
2026-09-19 15:21:18,192 | INFO | SOURCE 1001/1284: https://iptv-org.github.io/iptv/regions/hispam.m3u -> records=1941 epg=1
2026-09-19 15:21:18,192 | INFO | SOURCE 1002/1284: https://iptv-org.github.io/iptv/subdivisions/de-nw.m3u -> records=10 epg=0
2026-09-19 15:21:18,192 | INFO | SOURCE 1003/1284: https://iptv-org.github.io/iptv/subdivisions/co-hui.m3u -> records=2 epg=0
2026-09-19 15:21:18,192 | INFO | SOURCE 1004/1284: https://iptv-org.github.io/iptv/subdivisions/de-be.m3u -> records=1 epg=0
2026-09-19 15:21:18,192 | INFO | SOURCE 1005/1284: https://iptv-org.github.io/iptv/regions/gcc.m3u -> records=246 epg=1
2026-09-19 15:21:18,192 | INFO | SOURCE 1006/1284: https://iptv-org.github.io/iptv/subdivisions/cr-c.m3u -> records=1 epg=0
2026-09-19 15:21:18,192 | INFO | SOURCE 1007/1284: https://iptv-org.github.io/iptv/subdivisions/co-vac.m3u -> records=2 epg=0
2026-09-19 15:21:18,192 | INFO | SOURCE 1008/1284: https://iptv-org.github.io/iptv/subdivisions/de-sn.m3u -> records=1 epg=0
2026-09-19 15:21:18,192 | INFO | SOURCE 1009/1284: https://iptv-org.github.io/iptv/subdivisions/co-nar.m3u -> records=1 epg=0
2026-09-19 15:21:18,192 | INFO | SOURCE 1010/1284: https://iptv-org.github.io/iptv/subdivisions/cr-sj.m3u -> records=1 epg=0
2026-09-19 15:21:18,192 | INFO | SOURCE 1011/1284: https://iptv-org.github.io/iptv/regions/mideast.m3u -> records=912 epg=1
2026-09-19 15:21:18,192 | INFO | SOURCE 1012/1284: https://iptv-org.github.io/iptv/subdivisions/de-ni.m3u -> records=2 epg=0
2026-09-19 15:21:18,192 | INFO | SOURCE 1013/1284: https://iptv-org.github.io/iptv/subdivisions/de-sh.m3u -> records=1 epg=0
2026-09-19 15:21:18,192 | INFO | SOURCE 1014/1284: https://iptv-org.github.io/iptv/regions/mena.m3u -> records=941 epg=1
2026-09-19 15:21:18,192 | INFO | SOURCE 1015/1284: https://iptv-org.github.io/iptv/subdivisions/cl-at.m3u -> records=1 epg=0
2026-09-19 15:21:18,193 | INFO | SOURCE 1016/1284: https://iptv-org.github.io/iptv/subdivisions/cl-li.m3u -> records=1 epg=0
2026-09-19 15:21:18,193 | INFO | SOURCE 1017/1284: https://iptv-org.github.io/iptv/subdivisions/do-11.m3u -> records=2 epg=0
2026-09-19 15:21:18,193 | INFO | SOURCE 1018/1284: https://iptv-org.github.io/iptv/subdivisions/do-35.m3u -> records=2 epg=0
2026-09-19 15:21:18,193 | INFO | SOURCE 1019/1284: https://iptv-org.github.io/iptv/subdivisions/ec-a.m3u -> records=1 epg=0
2026-09-19 15:21:18,193 | INFO | SOURCE 1020/1284: https://iptv-org.github.io/iptv/subdivisions/do-28.m3u -> records=1 epg=0
2026-09-19 15:21:18,193 | INFO | SOURCE 1021/1284: https://iptv-org.github.io/iptv/subdivisions/do-13.m3u -> records=3 epg=0
2026-09-19 15:21:18,193 | INFO | SOURCE 1022/1284: https://iptv-org.github.io/iptv/subdivisions/do-37.m3u -> records=1 epg=0
2026-09-19 15:21:18,193 | INFO | SOURCE 1023/1284: https://iptv-org.github.io/iptv/subdivisions/do-18.m3u -> records=1 epg=0
2026-09-19 15:21:18,193 | INFO | SOURCE 1024/1284: https://iptv-org.github.io/iptv/subdivisions/do-22.m3u -> records=1 epg=0
2026-09-19 15:21:18,211 | INFO | SOURCE 1025/1284: https://iptv-org.github.io/iptv/subdivisions/es-b.m3u -> records=5 epg=0
2026-09-19 15:21:18,446 | INFO | SOURCE 1026/1284: https://iptv-org.github.io/iptv/subdivisions/es-ma.m3u -> records=2 epg=0
2026-09-19 15:21:18,463 | INFO | SOURCE 1027/1284: https://iptv-org.github.io/iptv/subdivisions/es-hu.m3u -> records=1 epg=0
2026-09-19 15:21:18,463 | INFO | SOURCE 1028/1284: https://iptv-org.github.io/iptv/subdivisions/do-34.m3u -> records=1 epg=0
2026-09-19 15:21:18,463 | INFO | SOURCE 1029/1284: https://iptv-org.github.io/iptv/subdivisions/es-an.m3u -> records=34 epg=0
2026-09-19 15:21:18,463 | INFO | SOURCE 1030/1284: https://iptv-org.github.io/iptv/subdivisions/do-36.m3u -> records=4 epg=0
2026-09-19 15:21:18,463 | INFO | SOURCE 1031/1284: https://iptv-org.github.io/iptv/subdivisions/de-hh.m3u -> records=1 epg=0
2026-09-19 15:21:18,463 | INFO | SOURCE 1032/1284: https://iptv-org.github.io/iptv/subdivisions/es-h.m3u -> records=1 epg=0
2026-09-19 15:21:18,468 | INFO | SOURCE 1033/1284: https://iptv-org.github.io/iptv/subdivisions/ec-d.m3u -> records=1 epg=0
2026-09-19 15:21:18,469 | INFO | SOURCE 1034/1284: https://iptv-org.github.io/iptv/subdivisions/es-ca.m3u -> records=1 epg=0
2026-09-19 15:21:18,469 | INFO | SOURCE 1035/1284: https://iptv-org.github.io/iptv/subdivisions/ec-l.m3u -> records=2 epg=0
2026-09-19 15:21:18,469 | INFO | SOURCE 1036/1284: https://iptv-org.github.io/iptv/subdivisions/do-42.m3u -> records=3 epg=0
2026-09-19 15:21:18,469 | INFO | SOURCE 1037/1284: https://iptv-org.github.io/iptv/subdivisions/es-ga.m3u -> records=2 epg=0
2026-09-19 15:21:18,469 | INFO | SOURCE 1038/1284: https://iptv-org.github.io/iptv/subdivisions/es-ar.m3u -> records=1 epg=0
2026-09-19 15:21:18,469 | INFO | SOURCE 1039/1284: https://iptv-org.github.io/iptv/subdivisions/do-01.m3u -> records=2 epg=0
2026-09-19 15:21:18,682 | INFO | SOURCE 1040/1284: https://iptv-org.github.io/iptv/subdivisions/es-cm.m3u -> records=3 epg=0
2026-09-19 15:21:18,687 | INFO | SOURCE 1041/1284: https://iptv-org.github.io/iptv/subdivisions/es-bi.m3u -> records=4 epg=0
2026-09-19 15:21:18,840 | INFO | SOURCE 1042/1284: https://iptv-org.github.io/iptv/subdivisions/es-j.m3u -> records=1 epg=0
2026-09-19 15:21:18,930 | INFO | SOURCE 1043/1284: https://iptv-org.github.io/iptv/subdivisions/es-pv.m3u -> records=6 epg=0
2026-09-19 15:21:18,930 | INFO | SOURCE 1044/1284: https://iptv-org.github.io/iptv/subdivisions/do-40.m3u -> records=2 epg=0
2026-09-19 15:21:18,930 | INFO | SOURCE 1045/1284: https://iptv-org.github.io/iptv/subdivisions/do-25.m3u -> records=1 epg=0
2026-09-19 15:21:18,930 | INFO | SOURCE 1046/1284: https://iptv-org.github.io/iptv/regions/wer.m3u -> records=1268 epg=1
2026-09-19 15:21:18,930 | INFO | SOURCE 1047/1284: https://iptv-org.github.io/iptv/subdivisions/es-gi.m3u -> records=2 epg=0
2026-09-19 15:21:18,930 | INFO | SOURCE 1048/1284: https://iptv-org.github.io/iptv/subdivisions/es-to.m3u -> records=1 epg=0
2026-09-19 15:21:18,935 | INFO | SOURCE 1049/1284: https://iptv-org.github.io/iptv/subdivisions/gr-c.m3u -> records=1 epg=0
2026-09-19 15:21:18,936 | INFO | SOURCE 1050/1284: https://iptv-org.github.io/iptv/subdivisions/es-t.m3u -> records=1 epg=0
2026-09-19 15:21:18,936 | INFO | SOURCE 1051/1284: https://iptv-org.github.io/iptv/subdivisions/es-co.m3u -> records=1 epg=0
2026-09-19 15:21:18,936 | INFO | SOURCE 1052/1284: https://iptv-org.github.io/iptv/subdivisions/es-cn.m3u -> records=7 epg=0
2026-09-19 15:21:18,936 | INFO | SOURCE 1053/1284: https://iptv-org.github.io/iptv/subdivisions/do-27.m3u -> records=1 epg=0
2026-09-19 15:21:18,936 | INFO | SOURCE 1054/1284: https://iptv-org.github.io/iptv/subdivisions/es-ri.m3u -> records=1 epg=0
2026-09-19 15:21:18,936 | INFO | SOURCE 1055/1284: https://iptv-org.github.io/iptv/subdivisions/de-th.m3u -> records=2 epg=0
2026-09-19 15:21:18,936 | INFO | SOURCE 1056/1284: https://iptv-org.github.io/iptv/subdivisions/es-v.m3u -> records=2 epg=0
2026-09-19 15:21:18,936 | INFO | SOURCE 1057/1284: https://iptv-org.github.io/iptv/regions/lac.m3u -> records=2413 epg=1
2026-09-19 15:21:18,936 | INFO | SOURCE 1058/1284: https://iptv-org.github.io/iptv/subdivisions/es-l.m3u -> records=2 epg=0
2026-09-19 15:21:18,974 | INFO | SOURCE 1059/1284: https://iptv-org.github.io/iptv/subdivisions/gb-wls.m3u -> records=2 epg=0
2026-09-19 15:21:18,979 | INFO | SOURCE 1060/1284: https://iptv-org.github.io/iptv/subdivisions/gt-07.m3u -> records=3 epg=0
2026-09-19 15:21:18,979 | INFO | SOURCE 1061/1284: https://iptv-org.github.io/iptv/subdivisions/es-md.m3u -> records=2 epg=0
2026-09-19 15:21:18,979 | INFO | SOURCE 1062/1284: https://iptv-org.github.io/iptv/subdivisions/gr-f.m3u -> records=3 epg=0
2026-09-19 15:21:18,979 | INFO | SOURCE 1063/1284: https://iptv-org.github.io/iptv/subdivisions/fi-12.m3u -> records=1 epg=0
2026-09-19 15:21:18,979 | INFO | SOURCE 1064/1284: https://iptv-org.github.io/iptv/subdivisions/es-ib.m3u -> records=1 epg=0
2026-09-19 15:21:18,979 | INFO | SOURCE 1065/1284: https://iptv-org.github.io/iptv/subdivisions/es-ct.m3u -> records=43 epg=0
2026-09-19 15:21:18,979 | INFO | SOURCE 1066/1284: https://iptv-org.github.io/iptv/subdivisions/es-tf.m3u -> records=1 epg=0
2026-09-19 15:21:18,979 | INFO | SOURCE 1067/1284: https://iptv-org.github.io/iptv/subdivisions/es-mc.m3u -> records=2 epg=0
2026-09-19 15:21:18,979 | INFO | SOURCE 1068/1284: https://iptv-org.github.io/iptv/subdivisions/fi-08.m3u -> records=1 epg=0
2026-09-19 15:21:18,979 | INFO | SOURCE 1069/1284: https://iptv-org.github.io/iptv/subdivisions/es-nc.m3u -> records=1 epg=0
2026-09-19 15:21:18,980 | INFO | SOURCE 1070/1284: https://iptv-org.github.io/iptv/subdivisions/gt-12.m3u -> records=1 epg=0
2026-09-19 15:21:18,980 | INFO | SOURCE 1071/1284: https://iptv-org.github.io/iptv/subdivisions/gr-d.m3u -> records=5 epg=0
2026-09-19 15:21:18,980 | INFO | SOURCE 1072/1284: https://iptv-org.github.io/iptv/subdivisions/gt-05.m3u -> records=2 epg=0
2026-09-19 15:21:18,998 | INFO | SOURCE 1073/1284: https://iptv-org.github.io/iptv/subdivisions/es-na.m3u -> records=1 epg=0
2026-09-19 15:21:18,998 | INFO | SOURCE 1074/1284: https://iptv-org.github.io/iptv/subdivisions/id-ac.m3u -> records=2 epg=0
2026-09-19 15:21:18,998 | INFO | SOURCE 1075/1284: https://iptv-org.github.io/iptv/regions/eu.m3u -> records=2773 epg=1
2026-09-19 15:21:18,998 | INFO | SOURCE 1076/1284: https://iptv-org.github.io/iptv/subdivisions/id-ks.m3u -> records=3 epg=0
2026-09-19 15:21:18,998 | INFO | SOURCE 1077/1284: https://iptv-org.github.io/iptv/subdivisions/id-be.m3u -> records=1 epg=0
2026-09-19 15:21:18,998 | INFO | SOURCE 1078/1284: https://iptv-org.github.io/iptv/subdivisions/gt-14.m3u -> records=1 epg=0
2026-09-19 15:21:18,998 | INFO | SOURCE 1079/1284: https://iptv-org.github.io/iptv/subdivisions/gt-06.m3u -> records=1 epg=0
2026-09-19 15:21:18,998 | INFO | SOURCE 1080/1284: https://iptv-org.github.io/iptv/subdivisions/es-gr.m3u -> records=3 epg=0
2026-09-19 15:21:18,998 | INFO | SOURCE 1081/1284: https://iptv-org.github.io/iptv/subdivisions/id-sb.m3u -> records=2 epg=0
2026-09-19 15:21:18,998 | INFO | SOURCE 1082/1284: https://iptv-org.github.io/iptv/subdivisions/id-ml.m3u -> records=1 epg=0
2026-09-19 15:21:18,998 | INFO | SOURCE 1083/1284: https://iptv-org.github.io/iptv/subdivisions/gr-h.m3u -> records=1 epg=0
2026-09-19 15:21:19,131 | INFO | SOURCE 1084/1284: https://iptv-org.github.io/iptv/subdivisions/id-jb.m3u -> records=15 epg=0
2026-09-19 15:21:19,362 | INFO | SOURCE 1085/1284: https://iptv-org.github.io/iptv/subdivisions/id-bt.m3u -> records=1 epg=0
2026-09-19 15:21:19,362 | INFO | SOURCE 1086/1284: https://iptv-org.github.io/iptv/subdivisions/gr-l.m3u -> records=1 epg=0
2026-09-19 15:21:19,362 | INFO | SOURCE 1087/1284: https://iptv-org.github.io/iptv/subdivisions/id-ki.m3u -> records=4 epg=0
2026-09-19 15:21:19,362 | INFO | SOURCE 1088/1284: https://iptv-org.github.io/iptv/subdivisions/id-kt.m3u -> records=1 epg=0
2026-09-19 15:21:19,362 | INFO | SOURCE 1089/1284: https://iptv-org.github.io/iptv/subdivisions/gt-08.m3u -> records=1 epg=0
2026-09-19 15:21:19,390 | INFO | SOURCE 1090/1284: https://iptv-org.github.io/iptv/subdivisions/gr-g.m3u -> records=3 epg=0
2026-09-19 15:21:19,391 | INFO | SOURCE 1091/1284: https://iptv-org.github.io/iptv/subdivisions/id-nt.m3u -> records=3 epg=0
2026-09-19 15:21:19,491 | INFO | SOURCE 1092/1284: https://iptv-org.github.io/iptv/subdivisions/gr-e.m3u -> records=2 epg=0
2026-09-19 15:21:19,491 | INFO | SOURCE 1093/1284: https://iptv-org.github.io/iptv/subdivisions/id-pb.m3u -> records=1 epg=0
2026-09-19 15:21:19,491 | INFO | SOURCE 1094/1284: https://iptv-org.github.io/iptv/subdivisions/gr-b.m3u -> records=8 epg=0
2026-09-19 15:21:19,492 | INFO | SOURCE 1095/1284: https://iptv-org.github.io/iptv/subdivisions/id-nb.m3u -> records=2 epg=0
2026-09-19 15:21:19,492 | INFO | SOURCE 1096/1284: https://iptv-org.github.io/iptv/regions/nam.m3u -> records=1778 epg=1
2026-09-19 15:21:19,514 | INFO | SOURCE 1097/1284: https://iptv-org.github.io/iptv/subdivisions/es-vc.m3u -> records=16 epg=0
2026-09-19 15:21:19,575 | INFO | SOURCE 1098/1284: https://iptv-org.github.io/iptv/subdivisions/ge-ab.m3u -> records=1 epg=0
2026-09-19 15:21:19,593 | INFO | SOURCE 1099/1284: https://iptv-org.github.io/iptv/subdivisions/gr-i.m3u -> records=7 epg=0
2026-09-19 15:21:19,639 | INFO | SOURCE 1100/1284: https://iptv-org.github.io/iptv/subdivisions/id-sn.m3u -> records=3 epg=0
2026-09-19 15:21:19,674 | INFO | SOURCE 1101/1284: https://iptv-org.github.io/iptv/subdivisions/in-ka.m3u -> records=1 epg=0
2026-09-19 15:21:19,674 | INFO | SOURCE 1102/1284: https://iptv-org.github.io/iptv/subdivisions/id-sg.m3u -> records=2 epg=0
2026-09-19 15:21:19,674 | INFO | SOURCE 1103/1284: https://iptv-org.github.io/iptv/subdivisions/id-sr.m3u -> records=1 epg=0
2026-09-19 15:21:19,674 | INFO | SOURCE 1104/1284: https://iptv-org.github.io/iptv/subdivisions/id-go.m3u -> records=1 epg=0
2026-09-19 15:21:19,674 | INFO | SOURCE 1105/1284: https://iptv-org.github.io/iptv/subdivisions/id-bb.m3u -> records=1 epg=0
2026-09-19 15:21:19,674 | INFO | SOURCE 1106/1284: https://iptv-org.github.io/iptv/subdivisions/id-ja.m3u -> records=4 epg=0
2026-09-19 15:21:19,674 | INFO | SOURCE 1107/1284: https://iptv-org.github.io/iptv/subdivisions/id-jt.m3u -> records=5 epg=0
2026-09-19 15:21:19,674 | INFO | SOURCE 1108/1284: https://iptv-org.github.io/iptv/regions/latam.m3u -> records=2364 epg=1
2026-09-19 15:21:19,674 | INFO | SOURCE 1109/1284: https://iptv-org.github.io/iptv/subdivisions/id-nu.m3u -> records=6 epg=0
2026-09-19 15:21:19,674 | INFO | SOURCE 1110/1284: https://iptv-org.github.io/iptv/subdivisions/id-ri.m3u -> records=3 epg=0
2026-09-19 15:21:19,674 | INFO | SOURCE 1111/1284: https://iptv-org.github.io/iptv/subdivisions/in-dl.m3u -> records=1 epg=0
2026-09-19 15:21:19,674 | INFO | SOURCE 1112/1284: https://iptv-org.github.io/iptv/subdivisions/id-su.m3u -> records=1 epg=0
2026-09-19 15:21:19,675 | INFO | SOURCE 1113/1284: https://iptv-org.github.io/iptv/regions/noram.m3u -> records=2734 epg=1
2026-09-19 15:21:19,675 | INFO | SOURCE 1114/1284: https://iptv-org.github.io/iptv/subdivisions/id-kb.m3u -> records=2 epg=0
2026-09-19 15:21:19,675 | INFO | SOURCE 1115/1284: https://iptv-org.github.io/iptv/subdivisions/id-mu.m3u -> records=1 epg=0
2026-09-19 15:21:19,675 | INFO | SOURCE 1116/1284: https://iptv-org.github.io/iptv/subdivisions/id-ka.m3u -> records=10 epg=0
2026-09-19 15:21:19,675 | INFO | SOURCE 1117/1284: https://iptv-org.github.io/iptv/subdivisions/in-kl.m3u -> records=3 epg=0
2026-09-19 15:21:19,675 | INFO | SOURCE 1118/1284: https://iptv-org.github.io/iptv/subdivisions/id-ba.m3u -> records=1 epg=0
2026-09-19 15:21:19,675 | INFO | SOURCE 1119/1284: https://iptv-org.github.io/iptv/subdivisions/kr-41.m3u -> records=1 epg=0
2026-09-19 15:21:19,675 | INFO | SOURCE 1120/1284: https://iptv-org.github.io/iptv/subdivisions/id-jk.m3u -> records=8 epg=0
2026-09-19 15:21:19,675 | INFO | SOURCE 1121/1284: https://iptv-org.github.io/iptv/subdivisions/mx-chh.m3u -> records=2 epg=0
2026-09-19 15:21:19,675 | INFO | SOURCE 1122/1284: https://iptv-org.github.io/iptv/subdivisions/mx-nle.m3u -> records=1 epg=0
2026-09-19 15:21:19,675 | INFO | SOURCE 1123/1284: https://iptv-org.github.io/iptv/subdivisions/id-sl.m3u -> records=10 epg=0
2026-09-19 15:21:19,675 | INFO | SOURCE 1124/1284: https://iptv-org.github.io/iptv/subdivisions/me-20.m3u -> records=1 epg=0
2026-09-19 15:21:19,755 | INFO | SOURCE 1125/1284: https://iptv-org.github.io/iptv/subdivisions/id-sa.m3u -> records=2 epg=0
2026-09-19 15:21:19,755 | INFO | SOURCE 1126/1284: https://iptv-org.github.io/iptv/subdivisions/kr-47.m3u -> records=1 epg=0
2026-09-19 15:21:19,755 | INFO | SOURCE 1127/1284: https://iptv-org.github.io/iptv/subdivisions/in-mh.m3u -> records=1 epg=0
2026-09-19 15:21:19,755 | INFO | SOURCE 1128/1284: https://iptv-org.github.io/iptv/subdivisions/id-yo.m3u -> records=3 epg=0
2026-09-19 15:21:19,755 | INFO | SOURCE 1129/1284: https://iptv-org.github.io/iptv/subdivisions/id-ss.m3u -> records=2 epg=0
2026-09-19 15:21:19,755 | INFO | SOURCE 1130/1284: https://iptv-org.github.io/iptv/subdivisions/kr-48.m3u -> records=1 epg=0
2026-09-19 15:21:19,755 | INFO | SOURCE 1131/1284: https://iptv-org.github.io/iptv/subdivisions/id-st.m3u -> records=1 epg=0
2026-09-19 15:21:19,755 | INFO | SOURCE 1132/1284: https://iptv-org.github.io/iptv/subdivisions/pe-are.m3u -> records=2 epg=0
2026-09-19 15:21:19,755 | INFO | SOURCE 1133/1284: https://iptv-org.github.io/iptv/subdivisions/id-la.m3u -> records=4 epg=0
2026-09-19 15:21:19,787 | INFO | SOURCE 1134/1284: https://iptv-org.github.io/iptv/subdivisions/kr-45.m3u -> records=2 epg=0
2026-09-19 15:21:19,860 | INFO | SOURCE 1135/1284: https://iptv-org.github.io/iptv/subdivisions/mx-coa.m3u -> records=1 epg=0
2026-09-19 15:21:19,893 | INFO | SOURCE 1136/1284: https://iptv-org.github.io/iptv/subdivisions/id-pp.m3u -> records=2 epg=0
2026-09-19 15:21:19,893 | INFO | SOURCE 1137/1284: https://iptv-org.github.io/iptv/subdivisions/kr-49.m3u -> records=2 epg=0
2026-09-19 15:21:19,893 | INFO | SOURCE 1138/1284: https://iptv-org.github.io/iptv/subdivisions/kr-31.m3u -> records=1 epg=0
2026-09-19 15:21:19,894 | INFO | SOURCE 1139/1284: https://iptv-org.github.io/iptv/subdivisions/kr-46.m3u -> records=4 epg=0
2026-09-19 15:21:19,894 | INFO | SOURCE 1140/1284: https://iptv-org.github.io/iptv/subdivisions/kr-42.m3u -> records=3 epg=0
2026-09-19 15:21:19,894 | INFO | SOURCE 1141/1284: https://iptv-org.github.io/iptv/subdivisions/it-78.m3u -> records=1 epg=0
2026-09-19 15:21:19,894 | INFO | SOURCE 1142/1284: https://iptv-org.github.io/iptv/subdivisions/kr-43.m3u -> records=2 epg=0
2026-09-19 15:21:19,894 | INFO | SOURCE 1143/1284: https://iptv-org.github.io/iptv/subdivisions/py-5.m3u -> records=1 epg=0
2026-09-19 15:21:19,916 | INFO | SOURCE 1144/1284: https://iptv-org.github.io/iptv/subdivisions/in-ap.m3u -> records=1 epg=0
2026-09-19 15:21:19,962 | INFO | SOURCE 1145/1284: https://iptv-org.github.io/iptv/subdivisions/id-jw.m3u -> records=45 epg=0
2026-09-19 15:21:19,962 | INFO | SOURCE 1146/1284: https://iptv-org.github.io/iptv/subdivisions/id-sm.m3u -> records=20 epg=0
2026-09-19 15:21:19,962 | INFO | SOURCE 1147/1284: https://iptv-org.github.io/iptv/subdivisions/in-tn.m3u -> records=14 epg=0
2026-09-19 15:21:19,962 | INFO | SOURCE 1148/1284: https://iptv-org.github.io/iptv/subdivisions/it-32.m3u -> records=4 epg=0
2026-09-19 15:21:19,962 | INFO | SOURCE 1149/1284: https://iptv-org.github.io/iptv/regions/eur.m3u -> records=4295 epg=1
2026-09-19 15:21:19,962 | INFO | SOURCE 1150/1284: https://iptv-org.github.io/iptv/subdivisions/pe-aya.m3u -> records=1 epg=0
2026-09-19 15:21:19,962 | INFO | SOURCE 1151/1284: https://iptv-org.github.io/iptv/subdivisions/ro-gj.m3u -> records=1 epg=0
2026-09-19 15:21:19,962 | INFO | SOURCE 1152/1284: https://iptv-org.github.io/iptv/subdivisions/kr-26.m3u -> records=2 epg=0
2026-09-19 15:21:19,962 | INFO | SOURCE 1153/1284: https://iptv-org.github.io/iptv/subdivisions/id-ji.m3u -> records=14 epg=0
2026-09-19 15:21:19,962 | INFO | SOURCE 1154/1284: https://iptv-org.github.io/iptv/subdivisions/kr-30.m3u -> records=1 epg=0
2026-09-19 15:21:19,962 | INFO | SOURCE 1155/1284: https://iptv-org.github.io/iptv/subdivisions/mx-pue.m3u -> records=1 epg=0
2026-09-19 15:21:19,962 | INFO | SOURCE 1156/1284: https://iptv-org.github.io/iptv/subdivisions/mx-agu.m3u -> records=1 epg=0
2026-09-19 15:21:19,974 | INFO | SOURCE 1157/1284: https://iptv-org.github.io/iptv/subdivisions/mx-slp.m3u -> records=1 epg=0
2026-09-19 15:21:19,992 | INFO | SOURCE 1158/1284: https://iptv-org.github.io/iptv/subdivisions/mx-yuc.m3u -> records=1 epg=0
2026-09-19 15:21:20,004 | INFO | SOURCE 1159/1284: https://iptv-org.github.io/iptv/subdivisions/ru-ad.m3u -> records=1 epg=0
2026-09-19 15:21:20,014 | INFO | SOURCE 1160/1284: https://iptv-org.github.io/iptv/subdivisions/ru-ark.m3u -> records=1 epg=0
2026-09-19 15:21:20,014 | INFO | SOURCE 1161/1284: https://iptv-org.github.io/iptv/subdivisions/py-7.m3u -> records=1 epg=0
2026-09-19 15:21:20,014 | INFO | SOURCE 1162/1284: https://iptv-org.github.io/iptv/subdivisions/mx-bcn.m3u -> records=1 epg=0
2026-09-19 15:21:20,014 | INFO | SOURCE 1163/1284: https://iptv-org.github.io/iptv/subdivisions/mx-que.m3u -> records=1 epg=0
2026-09-19 15:21:20,014 | INFO | SOURCE 1164/1284: https://iptv-org.github.io/iptv/subdivisions/pk-is.m3u -> records=1 epg=0
2026-09-19 15:21:20,014 | INFO | SOURCE 1165/1284: https://iptv-org.github.io/iptv/subdivisions/kr-27.m3u -> records=2 epg=0
2026-09-19 15:21:20,014 | INFO | SOURCE 1166/1284: https://iptv-org.github.io/iptv/subdivisions/pe-apu.m3u -> records=3 epg=0
2026-09-19 15:21:20,014 | INFO | SOURCE 1167/1284: https://iptv-org.github.io/iptv/subdivisions/mx-roo.m3u -> records=2 epg=0
2026-09-19 15:21:20,014 | INFO | SOURCE 1168/1284: https://iptv-org.github.io/iptv/subdivisions/pe-uca.m3u -> records=2 epg=0
2026-09-19 15:21:20,015 | INFO | SOURCE 1169/1284: https://iptv-org.github.io/iptv/subdivisions/ru-kem.m3u -> records=2 epg=0
2026-09-19 15:21:20,015 | INFO | SOURCE 1170/1284: https://iptv-org.github.io/iptv/subdivisions/pe-lor.m3u -> records=2 epg=0
2026-09-19 15:21:20,015 | INFO | SOURCE 1171/1284: https://iptv-org.github.io/iptv/regions/asia.m3u -> records=3304 epg=1
2026-09-19 15:21:20,032 | INFO | SOURCE 1172/1284: https://iptv-org.github.io/iptv/subdivisions/py-19.m3u -> records=1 epg=0
2026-09-19 15:21:20,032 | INFO | SOURCE 1173/1284: https://iptv-org.github.io/iptv/subdivisions/ru-kgd.m3u -> records=1 epg=0
2026-09-19 15:21:20,032 | INFO | SOURCE 1174/1284: https://iptv-org.github.io/iptv/subdivisions/pe-ama.m3u -> records=1 epg=0
2026-09-19 15:21:20,127 | INFO | SOURCE 1175/1284: https://iptv-org.github.io/iptv/subdivisions/ru-kk.m3u -> records=2 epg=0
2026-09-19 15:21:20,197 | INFO | SOURCE 1176/1284: https://iptv-org.github.io/iptv/subdivisions/ru-ba.m3u -> records=7 epg=0
2026-09-19 15:21:20,197 | INFO | SOURCE 1177/1284: https://iptv-org.github.io/iptv/subdivisions/pe-lim.m3u -> records=6 epg=0
2026-09-19 15:21:20,197 | INFO | SOURCE 1178/1284: https://iptv-org.github.io/iptv/subdivisions/ru-kda.m3u -> records=5 epg=0
2026-09-19 15:21:20,197 | INFO | SOURCE 1179/1284: https://iptv-org.github.io/iptv/subdivisions/pe-jun.m3u -> records=8 epg=0
2026-09-19 15:21:20,197 | INFO | SOURCE 1180/1284: https://iptv-org.github.io/iptv/subdivisions/ru-kgn.m3u -> records=2 epg=0
2026-09-19 15:21:20,197 | INFO | SOURCE 1181/1284: https://iptv-org.github.io/iptv/subdivisions/ru-ce.m3u -> records=3 epg=0
2026-09-19 15:21:20,197 | INFO | SOURCE 1182/1284: https://iptv-org.github.io/iptv/subdivisions/ru-al.m3u -> records=1 epg=0
2026-09-19 15:21:20,197 | INFO | SOURCE 1183/1284: https://iptv-org.github.io/iptv/subdivisions/ru-ast.m3u -> records=4 epg=0
2026-09-19 15:21:20,197 | INFO | SOURCE 1184/1284: https://iptv-org.github.io/iptv/subdivisions/ru-mos.m3u -> records=2 epg=0
2026-09-19 15:21:20,197 | INFO | SOURCE 1185/1284: https://iptv-org.github.io/iptv/subdivisions/ru-da.m3u -> records=2 epg=0
2026-09-19 15:21:20,198 | INFO | SOURCE 1186/1284: https://iptv-org.github.io/iptv/subdivisions/mx-dur.m3u -> records=1 epg=0
2026-09-19 15:21:20,198 | INFO | SOURCE 1187/1284: https://iptv-org.github.io/iptv/subdivisions/ru-irk.m3u -> records=1 epg=0
2026-09-19 15:21:20,213 | INFO | SOURCE 1188/1284: https://iptv-org.github.io/iptv/subdivisions/ru-alt.m3u -> records=2 epg=0
2026-09-19 15:21:20,213 | INFO | SOURCE 1189/1284: https://iptv-org.github.io/iptv/subdivisions/ru-ros.m3u -> records=1 epg=0
2026-09-19 15:21:20,213 | INFO | SOURCE 1190/1284: https://iptv-org.github.io/iptv/subdivisions/ru-yar.m3u -> records=1 epg=0
2026-09-19 15:21:20,213 | INFO | SOURCE 1191/1284: https://iptv-org.github.io/iptv/subdivisions/ru-che.m3u -> records=2 epg=0
2026-09-19 15:21:20,213 | INFO | SOURCE 1192/1284: https://iptv-org.github.io/iptv/subdivisions/ru-kha.m3u -> records=1 epg=0
2026-09-19 15:21:20,213 | INFO | SOURCE 1193/1284: https://iptv-org.github.io/iptv/subdivisions/ru-sam.m3u -> records=3 epg=0
2026-09-19 15:21:20,213 | INFO | SOURCE 1194/1284: https://iptv-org.github.io/iptv/subdivisions/ru-kc.m3u -> records=2 epg=0
2026-09-19 15:21:20,224 | INFO | SOURCE 1195/1284: https://iptv-org.github.io/iptv/subdivisions/ru-per.m3u -> records=2 epg=0
2026-09-19 15:21:20,224 | INFO | SOURCE 1196/1284: https://iptv-org.github.io/iptv/subdivisions/ru-sta.m3u -> records=2 epg=0
2026-09-19 15:21:20,224 | INFO | SOURCE 1197/1284: https://iptv-org.github.io/iptv/subdivisions/ru-mo.m3u -> records=1 epg=0
2026-09-19 15:21:20,224 | INFO | SOURCE 1198/1284: https://iptv-org.github.io/iptv/subdivisions/ru-niz.m3u -> records=3 epg=0
2026-09-19 15:21:20,224 | INFO | SOURCE 1199/1284: https://iptv-org.github.io/iptv/subdivisions/ru-kb.m3u -> records=1 epg=0
2026-09-19 15:21:20,322 | INFO | SOURCE 1200/1284: https://iptv-org.github.io/iptv/subdivisions/ru-bel.m3u -> records=2 epg=0
2026-09-19 15:21:20,327 | INFO | SOURCE 1201/1284: https://iptv-org.github.io/iptv/subdivisions/ru-khm.m3u -> records=6 epg=0
2026-09-19 15:21:20,327 | INFO | SOURCE 1202/1284: https://iptv-org.github.io/iptv/subdivisions/ru-nvs.m3u -> records=3 epg=0
2026-09-19 15:21:20,363 | INFO | SOURCE 1203/1284: https://iptv-org.github.io/iptv/subdivisions/ru-in.m3u -> records=2 epg=0
2026-09-19 15:21:20,374 | INFO | SOURCE 1204/1284: https://iptv-org.github.io/iptv/subdivisions/ru-ore.m3u -> records=2 epg=0
2026-09-19 15:21:20,374 | INFO | SOURCE 1205/1284: https://iptv-org.github.io/iptv/subdivisions/ru-sve.m3u -> records=3 epg=0
2026-09-19 15:21:20,374 | INFO | SOURCE 1206/1284: https://iptv-org.github.io/iptv/subdivisions/ru-spe.m3u -> records=1 epg=0
2026-09-19 15:21:20,374 | INFO | SOURCE 1207/1284: https://iptv-org.github.io/iptv/subdivisions/ua-14.m3u -> records=1 epg=0
2026-09-19 15:21:20,374 | INFO | SOURCE 1208/1284: https://iptv-org.github.io/iptv/subdivisions/pe-sam.m3u -> records=1 epg=0
2026-09-19 15:21:20,374 | INFO | SOURCE 1209/1284: https://iptv-org.github.io/iptv/subdivisions/ru-ta.m3u -> records=3 epg=0
2026-09-19 15:21:20,405 | INFO | SOURCE 1210/1284: https://iptv-org.github.io/iptv/subdivisions/ru-yan.m3u -> records=2 epg=0
2026-09-19 15:21:20,411 | INFO | SOURCE 1211/1284: https://iptv-org.github.io/iptv/subdivisions/ru-rya.m3u -> records=1 epg=0
2026-09-19 15:21:20,421 | INFO | SOURCE 1212/1284: https://iptv-org.github.io/iptv/subdivisions/ru-ngr.m3u -> records=1 epg=0
2026-09-19 15:21:20,421 | INFO | SOURCE 1213/1284: https://iptv-org.github.io/iptv/subdivisions/us-ky.m3u -> records=4 epg=0
2026-09-19 15:21:20,426 | INFO | SOURCE 1214/1284: https://iptv-org.github.io/iptv/subdivisions/us-ga.m3u -> records=12 epg=0
2026-09-19 15:21:20,427 | INFO | SOURCE 1215/1284: https://iptv-org.github.io/iptv/subdivisions/us-ar.m3u -> records=3 epg=0
2026-09-19 15:21:20,432 | INFO | SOURCE 1216/1284: https://iptv-org.github.io/iptv/subdivisions/ru-se.m3u -> records=2 epg=0
2026-09-19 15:21:20,432 | INFO | SOURCE 1217/1284: https://iptv-org.github.io/iptv/subdivisions/us-ak.m3u -> records=2 epg=0
2026-09-19 15:21:20,437 | INFO | SOURCE 1218/1284: https://iptv-org.github.io/iptv/subdivisions/ru-tom.m3u -> records=1 epg=0
2026-09-19 15:21:20,442 | INFO | SOURCE 1219/1284: https://iptv-org.github.io/iptv/subdivisions/ua-43.m3u -> records=7 epg=0
2026-09-19 15:21:20,442 | INFO | SOURCE 1220/1284: https://iptv-org.github.io/iptv/subdivisions/ru-ty.m3u -> records=2 epg=0
2026-09-19 15:21:20,442 | INFO | SOURCE 1221/1284: https://iptv-org.github.io/iptv/subdivisions/us-al.m3u -> records=1 epg=0
2026-09-19 15:21:20,470 | INFO | SOURCE 1222/1284: https://iptv-org.github.io/iptv/subdivisions/ru-mow.m3u -> records=2 epg=0
2026-09-19 15:21:20,522 | INFO | SOURCE 1223/1284: https://iptv-org.github.io/iptv/subdivisions/ru-oms.m3u -> records=1 epg=0
2026-09-19 15:21:20,532 | INFO | SOURCE 1224/1284: https://iptv-org.github.io/iptv/subdivisions/ru-pri.m3u -> records=3 epg=0
2026-09-19 15:21:20,532 | INFO | SOURCE 1225/1284: https://iptv-org.github.io/iptv/subdivisions/ru-tyu.m3u -> records=2 epg=0
2026-09-19 15:21:20,532 | INFO | SOURCE 1226/1284: https://iptv-org.github.io/iptv/subdivisions/us-ia.m3u -> records=1 epg=0
2026-09-19 15:21:20,532 | INFO | SOURCE 1227/1284: https://iptv-org.github.io/iptv/subdivisions/us-ct.m3u -> records=14 epg=0
2026-09-19 15:21:20,532 | INFO | SOURCE 1228/1284: https://iptv-org.github.io/iptv/subdivisions/ru-kya.m3u -> records=8 epg=0
2026-09-19 15:21:20,532 | INFO | SOURCE 1229/1284: https://iptv-org.github.io/iptv/subdivisions/ua-65.m3u -> records=1 epg=0
2026-09-19 15:21:20,532 | INFO | SOURCE 1230/1284: https://iptv-org.github.io/iptv/subdivisions/us-la.m3u -> records=4 epg=0
2026-09-19 15:21:20,532 | INFO | SOURCE 1231/1284: https://iptv-org.github.io/iptv/subdivisions/ru-yev.m3u -> records=2 epg=0
2026-09-19 15:21:20,532 | INFO | SOURCE 1232/1284: https://iptv-org.github.io/iptv/subdivisions/us-il.m3u -> records=12 epg=0
2026-09-19 15:21:20,532 | INFO | SOURCE 1233/1284: https://iptv-org.github.io/iptv/regions/emea.m3u -> records=5119 epg=1
2026-09-19 15:21:20,532 | INFO | SOURCE 1234/1284: https://iptv-org.github.io/iptv/subdivisions/ru-len.m3u -> records=1 epg=0
2026-09-19 15:21:20,532 | INFO | SOURCE 1235/1284: https://iptv-org.github.io/iptv/subdivisions/us-ks.m3u -> records=2 epg=0
2026-09-19 15:21:20,532 | INFO | SOURCE 1236/1284: https://iptv-org.github.io/iptv/subdivisions/us-ms.m3u -> records=2 epg=0
2026-09-19 15:21:20,532 | INFO | SOURCE 1237/1284: https://iptv-org.github.io/iptv/subdivisions/ru-nen.m3u -> records=1 epg=0
2026-09-19 15:21:20,532 | INFO | SOURCE 1238/1284: https://iptv-org.github.io/iptv/subdivisions/us-ma.m3u -> records=20 epg=0
2026-09-19 15:21:20,533 | INFO | SOURCE 1239/1284: https://iptv-org.github.io/iptv/subdivisions/us-nc.m3u -> records=6 epg=0
2026-09-19 15:21:20,533 | INFO | SOURCE 1240/1284: https://iptv-org.github.io/iptv/subdivisions/us-dc.m3u -> records=5 epg=0
2026-09-19 15:21:20,543 | INFO | SOURCE 1241/1284: https://iptv-org.github.io/iptv/subdivisions/us-de.m3u -> records=3 epg=0
2026-09-19 15:21:20,543 | INFO | SOURCE 1242/1284: https://iptv-org.github.io/iptv/regions/amer.m3u -> records=4081 epg=1
2026-09-19 15:21:20,543 | INFO | SOURCE 1243/1284: https://iptv-org.github.io/iptv/subdivisions/us-hi.m3u -> records=6 epg=0
2026-09-19 15:21:20,543 | INFO | SOURCE 1244/1284: https://iptv-org.github.io/iptv/subdivisions/us-mo.m3u -> records=4 epg=0
2026-09-19 15:21:20,543 | INFO | SOURCE 1245/1284: https://iptv-org.github.io/iptv/subdivisions/us-nd.m3u -> records=2 epg=0
2026-09-19 15:21:20,553 | INFO | SOURCE 1246/1284: https://iptv-org.github.io/iptv/subdivisions/ru-klu.m3u -> records=1 epg=0
2026-09-19 15:21:20,569 | INFO | SOURCE 1247/1284: https://iptv-org.github.io/iptv/subdivisions/ua-23.m3u -> records=1 epg=0
2026-09-19 15:21:20,574 | INFO | SOURCE 1248/1284: https://iptv-org.github.io/iptv/subdivisions/us-mi.m3u -> records=13 epg=0
2026-09-19 15:21:20,574 | INFO | SOURCE 1249/1284: https://iptv-org.github.io/iptv/subdivisions/ru-sa.m3u -> records=2 epg=0
2026-09-19 15:21:20,574 | INFO | SOURCE 1250/1284: https://iptv-org.github.io/iptv/subdivisions/us-nv.m3u -> records=10 epg=0
2026-09-19 15:21:20,580 | INFO | SOURCE 1251/1284: https://iptv-org.github.io/iptv/subdivisions/us-vt.m3u -> records=4 epg=0
2026-09-19 15:21:20,585 | INFO | SOURCE 1252/1284: https://iptv-org.github.io/iptv/subdivisions/us-md.m3u -> records=8 epg=0
2026-09-19 15:21:20,585 | INFO | SOURCE 1253/1284: https://iptv-org.github.io/iptv/subdivisions/us-nm.m3u -> records=1 epg=0
2026-09-19 15:21:20,585 | INFO | SOURCE 1254/1284: https://iptv-org.github.io/iptv/subdivisions/us-oh.m3u -> records=7 epg=0
2026-09-19 15:21:20,585 | INFO | SOURCE 1255/1284: https://iptv-org.github.io/iptv/subdivisions/us-in.m3u -> records=1 epg=0
2026-09-19 15:21:20,590 | INFO | SOURCE 1256/1284: https://iptv-org.github.io/iptv/subdivisions/us-ne.m3u -> records=2 epg=0
2026-09-19 15:21:20,595 | INFO | SOURCE 1257/1284: https://iptv-org.github.io/iptv/subdivisions/us-va.m3u -> records=1 epg=0
2026-09-19 15:21:20,595 | INFO | SOURCE 1258/1284: https://iptv-org.github.io/iptv/subdivisions/ru-vgg.m3u -> records=2 epg=0
2026-09-19 15:21:20,595 | INFO | SOURCE 1259/1284: https://iptv-org.github.io/iptv/subdivisions/us-mn.m3u -> records=7 epg=0
2026-09-19 15:21:20,596 | INFO | SOURCE 1260/1284: https://iptv-org.github.io/iptv/subdivisions/us-or.m3u -> records=5 epg=0
2026-09-19 15:21:20,596 | INFO | SOURCE 1261/1284: https://iptv-org.github.io/iptv/subdivisions/us-tn.m3u -> records=3 epg=0
2026-09-19 15:21:20,596 | INFO | SOURCE 1262/1284: https://iptv-org.github.io/iptv/subdivisions/us-ny.m3u -> records=15 epg=0
2026-09-19 15:21:20,601 | INFO | SOURCE 1263/1284: https://iptv-org.github.io/iptv/subdivisions/us-nj.m3u -> records=8 epg=0
2026-09-19 15:21:20,601 | INFO | SOURCE 1264/1284: https://iptv-org.github.io/iptv/subdivisions/us-ok.m3u -> records=3 epg=0
2026-09-19 15:21:20,601 | INFO | SOURCE 1265/1284: https://iptv-org.github.io/iptv/subdivisions/us-co.m3u -> records=13 epg=0
2026-09-19 15:21:20,601 | INFO | SOURCE 1266/1284: https://iptv-org.github.io/iptv/subdivisions/us-az.m3u -> records=11 epg=0
2026-09-19 15:21:20,601 | INFO | SOURCE 1267/1284: https://iptv-org.github.io/iptv/subdivisions/us-wa.m3u -> records=3 epg=0
2026-09-19 15:21:20,601 | INFO | SOURCE 1268/1284: https://iptv-org.github.io/iptv/subdivisions/us-ut.m3u -> records=1 epg=0
2026-09-19 15:21:20,601 | INFO | SOURCE 1269/1284: https://iptv-org.github.io/iptv/subdivisions/ve-k.m3u -> records=4 epg=0
2026-09-19 15:21:20,601 | INFO | SOURCE 1270/1284: https://iptv-org.github.io/iptv/subdivisions/us-nh.m3u -> records=10 epg=0
2026-09-19 15:21:20,619 | INFO | SOURCE 1271/1284: https://iptv-org.github.io/iptv/subdivisions/us-pa.m3u -> records=11 epg=0
2026-09-19 15:21:20,619 | INFO | SOURCE 1272/1284: https://iptv-org.github.io/iptv/subdivisions/us-fl.m3u -> records=41 epg=0
2026-09-19 15:21:20,680 | INFO | SOURCE 1273/1284: https://iptv-org.github.io/iptv/subdivisions/us-wi.m3u -> records=5 epg=0
2026-09-19 15:21:20,722 | INFO | SOURCE 1274/1284: https://iptv-org.github.io/iptv/subdivisions/us-ca.m3u -> records=105 epg=0
2026-09-19 15:21:20,762 | INFO | SOURCE 1275/1284: https://iptv-org.github.io/iptv/subdivisions/us-ri.m3u -> records=1 epg=0
2026-09-19 15:21:20,768 | INFO | SOURCE 1276/1284: https://iptv-org.github.io/iptv/subdivisions/us-wy.m3u -> records=3 epg=0
2026-09-19 15:21:20,768 | INFO | SOURCE 1277/1284: https://iptv-org.github.io/iptv/subdivisions/us-sc.m3u -> records=4 epg=0
2026-09-19 15:21:20,768 | INFO | SOURCE 1278/1284: https://iptv-org.github.io/iptv/subdivisions/us-tx.m3u -> records=27 epg=0
2026-09-19 15:21:20,768 | INFO | SOURCE 1279/1284: https://iptv-org.github.io/iptv/subdivisions/ve-d.m3u -> records=2 epg=0
2026-09-19 15:21:20,778 | INFO | SOURCE 1280/1284: https://iptv-org.github.io/iptv/index.category.m3u -> records=11683 epg=1
2026-09-19 15:21:20,778 | INFO | SOURCE 1281/1284: https://iptv-org.github.io/iptv/index.country.m3u -> records=12410 epg=1
2026-09-19 15:21:20,880 | INFO | SOURCE 1282/1284: https://iptv-org.github.io/iptv/index.language.m3u -> records=12365 epg=1
2026-09-19 15:21:21,648 | INFO | SOURCE 1283/1284: https://iptv-org.github.io/iptv/regions/ww.m3u -> records=10992 epg=1
2026-09-19 15:21:21,713 | INFO | SOURCE 1284/1284: https://iptv-org.github.io/iptv/regions/un.m3u -> records=10711 epg=1
2026-09-19 15:42:22,256 | INFO | CHANNELS AFTER MERGE: 13169
2026-09-19 15:42:22,257 | INFO | EPG FETCH: https://epg.one/epg2.xml.gz
2026-09-19 15:42:28,224 | INFO | EPG FETCH: https://www.teleguide.info/download/new3/xmltv.xml.gz
2026-09-19 15:42:30,090 | INFO | EPG FETCH: https://epgshare01.online/epgshare01/epg_ripper_AL1.xml.gz
2026-09-19 15:42:30,271 | INFO | EPG FETCH: https://epgshare01.online/epgshare01/epg_ripper_ALJAZEERA1.xml.gz
2026-09-19 15:42:30,305 | INFO | EPG FETCH: https://epgshare01.online/epgshare01/epg_ripper_ALL_SOURCES1.xml.gz
2026-09-19 15:42:30,882 | WARNING | EPG failed https://epgshare01.online/epgshare01/epg_ripper_ALL_SOURCES1.xml.gz: response exceeds 157286400 bytes: https://epgshare01.online/epgshare01/epg_ripper_ALL_SOURCES1.xml.gz
2026-09-19 15:42:30,882 | INFO | EPG FETCH: https://epgshare01.online/epgshare01/epg_ripper_AR1.xml.gz
2026-09-19 15:42:31,035 | INFO | EPG FETCH: https://epgshare01.online/epgshare01/epg_ripper_ASIANTELEVISION1.xml.gz
2026-09-19 15:42:31,103 | INFO | EPG FETCH: https://epgshare01.online/epgshare01/epg_ripper_AT1.xml.gz
2026-09-19 15:42:31,489 | INFO | EPG FETCH: https://epgshare01.online/epgshare01/epg_ripper_AU1.xml.gz
2026-09-19 15:42:32,759 | INFO | EPG FETCH: https://epgshare01.online/epgshare01/epg_ripper_BA1.xml.gz
2026-09-19 15:42:33,135 | INFO | EPG FETCH: https://epgshare01.online/epgshare01/epg_ripper_BE2.xml.gz
2026-09-19 15:42:34,673 | INFO | EPG FETCH: https://epgshare01.online/epgshare01/epg_ripper_BEIN1.xml.gz
2026-09-19 15:42:34,725 | INFO | EPG FETCH: https://epgshare01.online/epgshare01/epg_ripper_BG1.xml.gz
2026-09-19 15:42:34,788 | INFO | EPG FETCH: https://epgshare01.online/epgshare01/epg_ripper_BR1.xml.gz
2026-09-19 15:42:35,258 | INFO | EPG FETCH: https://epgshare01.online/epgshare01/epg_ripper_CA1.xml.gz
2026-09-19 15:42:35,281 | WARNING | EPG failed https://epgshare01.online/epgshare01/epg_ripper_CA1.xml.gz: HTTP Error 404: Not Found
2026-09-19 15:42:35,282 | INFO | EPG FETCH: https://epgshare01.online/epgshare01/epg_ripper_CH1.xml.gz
2026-09-19 15:42:36,598 | INFO | EPG FETCH: https://epgshare01.online/epgshare01/epg_ripper_CL1.xml.gz
2026-09-19 15:42:36,707 | INFO | EPG FETCH: https://epgshare01.online/epgshare01/epg_ripper_CO1.xml.gz
2026-09-19 15:42:36,826 | INFO | EPG FETCH: https://epgshare01.online/epgshare01/epg_ripper_CR1.xml.gz
2026-09-19 15:42:36,944 | INFO | EPG FETCH: https://epgshare01.online/epgshare01/epg_ripper_CY1.xml.gz
2026-09-19 15:42:37,055 | INFO | EPG FETCH: https://epgshare01.online/epgshare01/epg_ripper_CZ1.xml.gz
2026-09-19 15:42:38,018 | INFO | EPG FETCH: https://epgshare01.online/epgshare01/epg_ripper_DE1.xml.gz
2026-09-19 15:42:38,536 | INFO | EPG FETCH: https://epgshare01.online/epgshare01/epg_ripper_DELUXEMUSIC1.xml.gz
2026-09-19 15:42:38,557 | INFO | EPG FETCH: https://epgshare01.online/epgshare01/epg_ripper_DIRECTVSPORTS1.xml.gz
2026-09-19 15:42:38,585 | INFO | EPG FETCH: https://epgshare01.online/epgshare01/epg_ripper_DISTROTV1.xml.gz
2026-09-19 15:42:38,612 | INFO | EPG FETCH: https://epgshare01.online/epgshare01/epg_ripper_DK1.xml.gz
2026-09-19 15:42:38,814 | INFO | EPG FETCH: https://epgshare01.online/epgshare01/epg_ripper_DO1.xml.gz
2026-09-19 15:42:38,893 | INFO | EPG FETCH: https://epgshare01.online/epgshare01/epg_ripper_DRAFTKINGS1.xml.gz
2026-09-19 15:42:38,914 | INFO | EPG FETCH: https://epgshare01.online/epgshare01/epg_ripper_DUMMY_CHANNELS.xml.gz
2026-09-19 15:42:39,013 | INFO | EPG FETCH: https://epgshare01.online/epgshare01/epg_ripper_EC1.xml.gz
2026-09-19 15:42:39,100 | INFO | EPG FETCH: https://epgshare01.online/epgshare01/epg_ripper_EG1.xml.gz
2026-09-19 15:42:39,173 | INFO | EPG FETCH: https://epgshare01.online/epgshare01/epg_ripper_ES1.xml.gz
2026-09-19 16:05:39,906 | INFO | EPG: loaded_sets=30
2026-09-19 16:05:39,912 | INFO | STREAM CHECK: 14609 unique URLs, workers=256
2026-09-19 16:05:40,049 | INFO | STREAM CHECK: cache hit=0 network=14609
2026-09-19 16:06:04,663 | INFO | STREAM CHECK: 1000/14609
2026-09-19 16:06:04,667 | INFO | STREAM CHECK: 2000/14609
2026-09-19 16:06:08,539 | INFO | STREAM CHECK: 3000/14609
2026-09-19 16:06:36,691 | INFO | STREAM CHECK: 4000/14609
2026-09-19 16:06:42,311 | INFO | STREAM CHECK: 5000/14609
2026-09-19 16:06:42,313 | INFO | STREAM CHECK: 6000/14609
2026-09-19 16:06:42,315 | INFO | STREAM CHECK: 7000/14609
2026-09-19 16:06:57,233 | INFO | STREAM CHECK: 8000/14609
2026-09-19 16:06:57,235 | INFO | STREAM CHECK: 9000/14609
2026-09-19 16:07:02,995 | INFO | STREAM CHECK: 10000/14609
2026-09-19 16:07:20,770 | INFO | STREAM CHECK: 11000/14609
2026-09-19 16:07:20,772 | INFO | STREAM CHECK: 12000/14609
2026-09-19 16:07:55,433 | INFO | STREAM CHECK: 13000/14609
2026-09-19 16:07:55,435 | INFO | STREAM CHECK: 14000/14609
2026-09-19 16:07:56,412 | INFO | ========================================================================
2026-09-19 16:07:56,412 | INFO | FINISHED
2026-09-19 16:07:56,412 | INFO | CHANNELS: 13169 | RU: 1285 | STREAMS: 14609 | ALIVE: 10986
2026-09-19 16:07:56,412 | INFO | >=12 pool: 0 | >=12 alive: 0
2026-09-19 16:07:56,412 | INFO | OUTPUT: /home/runner/work/iptv/iptv/mega_iptv_output
2026-09-19 16:07:56,413 | INFO | ========================================================================
